firebase-storage;com.google.firebase.storage.CancellableTask
firebase-storage;com.google.firebase.storage.ControllableTask
firebase-storage;com.google.firebase.storage.zza
firebase-storage;com.google.firebase.storage.FileDownloadTask$TaskSnapshot
firebase-storage;com.google.firebase.storage.FileDownloadTask
firebase-storage;com.google.firebase.storage.FirebaseStorage
firebase-storage;com.google.firebase.storage.zzb
firebase-storage;com.google.firebase.storage.OnPausedListener
firebase-storage;com.google.firebase.storage.OnProgressListener
firebase-storage;com.google.firebase.storage.StorageException$ErrorCode
firebase-storage;com.google.firebase.storage.StorageException
firebase-storage;com.google.firebase.storage.StorageMetadata$1
firebase-storage;com.google.firebase.storage.StorageMetadata$Builder
firebase-storage;com.google.firebase.storage.StorageMetadata
firebase-storage;com.google.firebase.storage.StorageReference$1
firebase-storage;com.google.firebase.storage.StorageReference$2
firebase-storage;com.google.firebase.storage.StorageReference$3
firebase-storage;com.google.firebase.storage.StorageReference$4
firebase-storage;com.google.firebase.storage.StorageReference$5
firebase-storage;com.google.firebase.storage.StorageReference
firebase-storage;com.google.firebase.storage.StorageTask$1
firebase-storage;com.google.firebase.storage.StorageTask$2
firebase-storage;com.google.firebase.storage.StorageTask$3
firebase-storage;com.google.firebase.storage.StorageTask$4
firebase-storage;com.google.firebase.storage.StorageTask$5
firebase-storage;com.google.firebase.storage.StorageTask$6
firebase-storage;com.google.firebase.storage.StorageTask$7$1
firebase-storage;com.google.firebase.storage.StorageTask$7$2
firebase-storage;com.google.firebase.storage.StorageTask$7
firebase-storage;com.google.firebase.storage.StorageTask$8
firebase-storage;com.google.firebase.storage.StorageTask$ProvideError
firebase-storage;com.google.firebase.storage.StorageTask$SnapshotBase
firebase-storage;com.google.firebase.storage.StorageTask
firebase-storage;com.google.firebase.storage.zzc
firebase-storage;com.google.firebase.storage.zzd$zza
firebase-storage;com.google.firebase.storage.zzd
firebase-storage;com.google.firebase.storage.StreamDownloadTask$1
firebase-storage;com.google.firebase.storage.StreamDownloadTask$StreamProcessor
firebase-storage;com.google.firebase.storage.StreamDownloadTask$zza
firebase-storage;com.google.firebase.storage.StreamDownloadTask$TaskSnapshot
firebase-storage;com.google.firebase.storage.StreamDownloadTask
firebase-storage;com.google.firebase.storage.zze$1
firebase-storage;com.google.firebase.storage.zze$2
firebase-storage;com.google.firebase.storage.zze$zza
firebase-storage;com.google.firebase.storage.zze
firebase-storage;com.google.firebase.storage.zzf
firebase-storage;com.google.firebase.storage.UploadTask$1
firebase-storage;com.google.firebase.storage.UploadTask$TaskSnapshot
firebase-storage;com.google.firebase.storage.UploadTask
firebase-storage;com.google.android.gms.internal.zzbtt$zza
firebase-storage;com.google.android.gms.internal.zzbtt$zzb
firebase-storage;com.google.android.gms.internal.zzbtt
firebase-storage;com.google.android.gms.internal.zzbtu
firebase-storage;com.google.android.gms.internal.zzbtv
firebase-storage;com.google.android.gms.internal.zzbtx
firebase-storage;com.google.android.gms.internal.zzbty
firebase-storage;com.google.android.gms.internal.zzbtz
firebase-storage;com.google.android.gms.internal.zzbua
firebase-storage;com.google.android.gms.internal.zzbud
firebase-storage;com.google.android.gms.internal.zzbue
firebase-iid;com.google.firebase.iid.zza
firebase-iid;com.google.firebase.iid.zzc
firebase-iid;com.google.firebase.iid.FirebaseInstanceId
firebase-iid;com.google.firebase.iid.FirebaseInstanceIdInternalReceiver
firebase-iid;com.google.firebase.iid.FirebaseInstanceIdReceiver
firebase-iid;com.google.firebase.iid.FirebaseInstanceIdService$1
firebase-iid;com.google.firebase.iid.FirebaseInstanceIdService
firebase-iid;com.google.firebase.iid.zzd
firebase-iid;com.google.firebase.iid.zze
firebase-iid;com.google.firebase.iid.zzf$1
firebase-iid;com.google.firebase.iid.zzf$2
firebase-iid;com.google.firebase.iid.zzf$zza
firebase-iid;com.google.firebase.iid.zzf$zzb
firebase-iid;com.google.firebase.iid.zzf
firebase-iid;com.google.firebase.iid.zzg
firebase-iid;com.google.firebase.iid.zzh$zza
firebase-iid;com.google.firebase.iid.zzh
firebase-auth;com.google.firebase.auth.ActionCodeResult$ActionDataKey
firebase-auth;com.google.firebase.auth.ActionCodeResult$Operation
firebase-auth;com.google.firebase.auth.ActionCodeResult
firebase-auth;com.google.firebase.auth.AuthCredential
firebase-auth;com.google.firebase.auth.AuthResult
firebase-auth;com.google.firebase.auth.EmailAuthCredential
firebase-auth;com.google.firebase.auth.EmailAuthProvider
firebase-auth;com.google.firebase.auth.FacebookAuthCredential
firebase-auth;com.google.firebase.auth.FacebookAuthProvider
firebase-auth;com.google.firebase.auth.FirebaseAuth$1
firebase-auth;com.google.firebase.auth.FirebaseAuth$2
firebase-auth;com.google.firebase.auth.FirebaseAuth$3
firebase-auth;com.google.firebase.auth.FirebaseAuth$4
firebase-auth;com.google.firebase.auth.FirebaseAuth$AuthStateListener
firebase-auth;com.google.firebase.auth.FirebaseAuth$zza
firebase-auth;com.google.firebase.auth.FirebaseAuth
firebase-auth;com.google.firebase.auth.FirebaseAuthActionCodeException
firebase-auth;com.google.firebase.auth.FirebaseAuthInvalidCredentialsException
firebase-auth;com.google.firebase.auth.FirebaseAuthInvalidUserException
firebase-auth;com.google.firebase.auth.FirebaseAuthProvider
firebase-auth;com.google.firebase.auth.FirebaseAuthRecentLoginRequiredException
firebase-auth;com.google.firebase.auth.FirebaseAuthUserCollisionException
firebase-auth;com.google.firebase.auth.FirebaseAuthWeakPasswordException
firebase-auth;com.google.firebase.auth.FirebaseUser$1
firebase-auth;com.google.firebase.auth.FirebaseUser
firebase-auth;com.google.firebase.auth.GithubAuthCredential
firebase-auth;com.google.firebase.auth.GithubAuthProvider
firebase-auth;com.google.firebase.auth.GoogleAuthCredential
firebase-auth;com.google.firebase.auth.GoogleAuthProvider
firebase-auth;com.google.firebase.auth.ProviderQueryResult
firebase-auth;com.google.firebase.auth.TwitterAuthCredential
firebase-auth;com.google.firebase.auth.TwitterAuthProvider
firebase-auth;com.google.firebase.auth.UserInfo
firebase-auth;com.google.firebase.auth.UserProfileChangeRequest$Builder
firebase-auth;com.google.firebase.auth.UserProfileChangeRequest
firebase-auth;com.google.firebase.auth.zza
firebase-auth;com.google.android.gms.internal.zzblr
firebase-auth;com.google.android.gms.internal.zzbls$zza
firebase-auth;com.google.android.gms.internal.zzbls$zzb
firebase-auth;com.google.android.gms.internal.zzbls$zzc
firebase-auth;com.google.android.gms.internal.zzbls$zzd
firebase-auth;com.google.android.gms.internal.zzbls$zze
firebase-auth;com.google.android.gms.internal.zzbls$zzf
firebase-auth;com.google.android.gms.internal.zzbls$zzg
firebase-auth;com.google.android.gms.internal.zzbls$zzh
firebase-auth;com.google.android.gms.internal.zzbls$zzi
firebase-auth;com.google.android.gms.internal.zzbls$zzj
firebase-auth;com.google.android.gms.internal.zzbls$zzk
firebase-auth;com.google.android.gms.internal.zzbls$zzl
firebase-auth;com.google.android.gms.internal.zzbls$zzm
firebase-auth;com.google.android.gms.internal.zzbls$zzn
firebase-auth;com.google.android.gms.internal.zzbls$zzo
firebase-auth;com.google.android.gms.internal.zzbls$zzp
firebase-auth;com.google.android.gms.internal.zzbls$zzq
firebase-auth;com.google.android.gms.internal.zzbls$zzr
firebase-auth;com.google.android.gms.internal.zzbls$zzs
firebase-auth;com.google.android.gms.internal.zzbls$zzt
firebase-auth;com.google.android.gms.internal.zzbls$zzu
firebase-auth;com.google.android.gms.internal.zzbls$zzv
firebase-auth;com.google.android.gms.internal.zzbls$zzw
firebase-auth;com.google.android.gms.internal.zzbls$zzx
firebase-auth;com.google.android.gms.internal.zzbls$zzy
firebase-auth;com.google.android.gms.internal.zzbls
firebase-auth;com.google.android.gms.internal.zzblt
firebase-auth;com.google.android.gms.internal.zzblu
firebase-auth;com.google.android.gms.internal.zzblv
firebase-auth;com.google.android.gms.internal.zzblw
firebase-auth;com.google.android.gms.internal.zzblx
firebase-auth;com.google.android.gms.internal.zzbly$zza$zza
firebase-auth;com.google.android.gms.internal.zzbly$zza
firebase-auth;com.google.android.gms.internal.zzbly
firebase-auth;com.google.android.gms.internal.zzblz$zza$zza
firebase-auth;com.google.android.gms.internal.zzblz$zza
firebase-auth;com.google.android.gms.internal.zzblz
firebase-auth;com.google.android.gms.internal.zzbma$1
firebase-auth;com.google.android.gms.internal.zzbma$zza$zza
firebase-auth;com.google.android.gms.internal.zzbma$zza
firebase-auth;com.google.android.gms.internal.zzbma
firebase-auth;com.google.android.gms.internal.zzbmb
firebase-auth;com.google.android.gms.internal.zzbmc
firebase-auth;com.google.android.gms.internal.zzbmd$1
firebase-auth;com.google.android.gms.internal.zzbmd$zza
firebase-auth;com.google.android.gms.internal.zzbmd
firebase-auth;com.google.android.gms.internal.zzbme
firebase-auth;com.google.android.gms.internal.zzbmf
firebase-auth;com.google.android.gms.internal.zzbmg
firebase-auth;com.google.android.gms.internal.zzbmh
firebase-auth;com.google.android.gms.internal.zzbmi
firebase-auth;com.google.android.gms.internal.zzbmj
firebase-auth;com.google.android.gms.internal.zzbmk
firebase-auth;com.google.android.gms.internal.zzbml
firebase-auth;com.google.android.gms.internal.zzbmm
firebase-auth;com.google.android.gms.internal.zzbmn
firebase-auth;com.google.android.gms.internal.zzbmo
firebase-auth;com.google.android.gms.internal.zzbmp
firebase-auth;com.google.android.gms.internal.zzbmq
firebase-auth;com.google.android.gms.internal.zzbmr
firebase-auth;com.google.android.gms.internal.zzbms
firebase-auth;com.google.android.gms.internal.zzbmt
firebase-auth;com.google.android.gms.internal.zzbmu
firebase-auth;com.google.android.gms.internal.zzbmv
firebase-auth;com.google.android.gms.internal.zzbmw
firebase-auth;com.google.android.gms.internal.zzbmx
firebase-auth;com.google.android.gms.internal.zzbmy
firebase-auth;com.google.android.gms.internal.zzbmz
firebase-auth;com.google.android.gms.internal.zzbna
firebase-auth;com.google.android.gms.internal.zzbnb
firebase-auth;com.google.android.gms.internal.zzbnc
firebase-auth;com.google.android.gms.internal.zzbnd
firebase-auth;com.google.android.gms.internal.zzbne
firebase-auth;com.google.android.gms.internal.zzbnf
firebase-auth;com.google.android.gms.internal.zzbng
firebase-auth;com.google.android.gms.internal.zzbnh
firebase-auth;com.google.android.gms.internal.zzbni
firebase-auth;com.google.android.gms.internal.zzbnj
firebase-auth;com.google.android.gms.internal.zzbnk
firebase-auth;com.google.android.gms.internal.zzbwj
firebase-auth;com.google.android.gms.internal.zzbwh
firebase-auth;com.google.android.gms.internal.zzbwh$1
firebase-auth;com.google.android.gms.internal.zzbwk
firebase-auth;com.google.android.gms.internal.zzbwi
firebase-auth;com.google.android.gms.internal.zzbvg
firebase-auth;com.google.android.gms.internal.zzbvh
firebase-auth;com.google.android.gms.internal.zzbve
firebase-auth;com.google.android.gms.internal.zzbvf
firebase-auth;com.google.android.gms.internal.zzbwg
firebase-auth;com.google.android.gms.internal.zzbvx
firebase-auth;com.google.android.gms.internal.zzbwf$2
firebase-auth;com.google.android.gms.internal.zzbwf$22
firebase-auth;com.google.android.gms.internal.zzbvz
firebase-auth;com.google.android.gms.internal.zzbwf$5
firebase-auth;com.google.android.gms.internal.zzbwf$17
firebase-auth;com.google.android.gms.internal.zzbwb$1
firebase-auth;com.google.android.gms.internal.zzbwb$zzb
firebase-auth;com.google.android.gms.internal.zzbwf$27
firebase-auth;com.google.android.gms.internal.zzbvt
firebase-auth;com.google.android.gms.internal.zzbwf$9
firebase-auth;com.google.android.gms.internal.zzbvz$zza
firebase-auth;com.google.android.gms.internal.zzbwf$32
firebase-auth;com.google.android.gms.internal.zzbwf$20
firebase-auth;com.google.android.gms.internal.zzbwd$1
firebase-auth;com.google.android.gms.internal.zzbwf$8
firebase-auth;com.google.android.gms.internal.zzbvv
firebase-auth;com.google.android.gms.internal.zzbvy
firebase-auth;com.google.android.gms.internal.zzbwf$26
firebase-auth;com.google.android.gms.internal.zzbwf$13
firebase-auth;com.google.android.gms.internal.zzbvy$1
firebase-auth;com.google.android.gms.internal.zzbwf$15$1
firebase-auth;com.google.android.gms.internal.zzbwf$25
firebase-auth;com.google.android.gms.internal.zzbwf$3
firebase-auth;com.google.android.gms.internal.zzbwf$7
firebase-auth;com.google.android.gms.internal.zzbwf$14
firebase-auth;com.google.android.gms.internal.zzbwe
firebase-auth;com.google.android.gms.internal.zzbvv$1
firebase-auth;com.google.android.gms.internal.zzbwf
firebase-auth;com.google.android.gms.internal.zzbwf$4
firebase-auth;com.google.android.gms.internal.zzbwb$zza
firebase-auth;com.google.android.gms.internal.zzbwf$31
firebase-auth;com.google.android.gms.internal.zzbwd
firebase-auth;com.google.android.gms.internal.zzbwf$30
firebase-auth;com.google.android.gms.internal.zzbvx$1
firebase-auth;com.google.android.gms.internal.zzbvu$zza
firebase-auth;com.google.android.gms.internal.zzbvt$1
firebase-auth;com.google.android.gms.internal.zzbwa$2
firebase-auth;com.google.android.gms.internal.zzbwf$24
firebase-auth;com.google.android.gms.internal.zzbwf$6
firebase-auth;com.google.android.gms.internal.zzbwf$19
firebase-auth;com.google.android.gms.internal.zzbwf$16
firebase-auth;com.google.android.gms.internal.zzbwf$1
firebase-auth;com.google.android.gms.internal.zzbwf$29
firebase-auth;com.google.android.gms.internal.zzbwf$12
firebase-auth;com.google.android.gms.internal.zzbwf$11
firebase-auth;com.google.android.gms.internal.zzbwc$1
firebase-auth;com.google.android.gms.internal.zzbwf$18
firebase-auth;com.google.android.gms.internal.zzbwf$10
firebase-auth;com.google.android.gms.internal.zzbwa
firebase-auth;com.google.android.gms.internal.zzbwf$15
firebase-auth;com.google.android.gms.internal.zzbwf$21
firebase-auth;com.google.android.gms.internal.zzbvu
firebase-auth;com.google.android.gms.internal.zzbwa$1
firebase-auth;com.google.android.gms.internal.zzbwb
firebase-auth;com.google.android.gms.internal.zzbvw
firebase-auth;com.google.android.gms.internal.zzbwf$28
firebase-auth;com.google.android.gms.internal.zzbwf$zza
firebase-auth;com.google.android.gms.internal.zzbwc
firebase-auth;com.google.android.gms.internal.zzbwf$23
firebase-auth;com.google.android.gms.internal.zzbvk
firebase-auth;com.google.android.gms.internal.zzbvj
firebase-auth;com.google.android.gms.internal.zzbvk$11
firebase-auth;com.google.android.gms.internal.zzbvp
firebase-auth;com.google.android.gms.internal.zzbvk$8
firebase-auth;com.google.android.gms.internal.zzbvo$zza$1
firebase-auth;com.google.android.gms.internal.zzbvs$2
firebase-auth;com.google.android.gms.internal.zzbvm
firebase-auth;com.google.android.gms.internal.zzbvo
firebase-auth;com.google.android.gms.internal.zzbvn
firebase-auth;com.google.android.gms.internal.zzbvk$3
firebase-auth;com.google.android.gms.internal.zzbvs$4
firebase-auth;com.google.android.gms.internal.zzbvo$zzd
firebase-auth;com.google.android.gms.internal.zzbvk$1
firebase-auth;com.google.android.gms.internal.zzbvk$5
firebase-auth;com.google.android.gms.internal.zzbvs
firebase-auth;com.google.android.gms.internal.zzbvr$zza
firebase-auth;com.google.android.gms.internal.zzbvr$zza$zza
firebase-auth;com.google.android.gms.internal.zzbvj$zza
firebase-auth;com.google.android.gms.internal.zzbvk$9
firebase-auth;com.google.android.gms.internal.zzbvs$1
firebase-auth;com.google.android.gms.internal.zzbvo$zzc
firebase-auth;com.google.android.gms.internal.zzbvo$1
firebase-auth;com.google.android.gms.internal.zzbvo$zzb$1
firebase-auth;com.google.android.gms.internal.zzbvj$zzc
firebase-auth;com.google.android.gms.internal.zzbvl
firebase-auth;com.google.android.gms.internal.zzbvk$12
firebase-auth;com.google.android.gms.internal.zzbvk$6
firebase-auth;com.google.android.gms.internal.zzbvo$zza
firebase-auth;com.google.android.gms.internal.zzbvi
firebase-auth;com.google.android.gms.internal.zzbvs$3
firebase-auth;com.google.android.gms.internal.zzbvk$7
firebase-auth;com.google.android.gms.internal.zzbvk$10
firebase-auth;com.google.android.gms.internal.zzbvr$1
firebase-auth;com.google.android.gms.internal.zzbvk$4
firebase-auth;com.google.android.gms.internal.zzbvl$1
firebase-auth;com.google.android.gms.internal.zzbvk$2
firebase-auth;com.google.android.gms.internal.zzbvq
firebase-auth;com.google.android.gms.internal.zzbvj$zzb
firebase-auth;com.google.android.gms.internal.zzbvo$zzb
firebase-auth;com.google.android.gms.internal.zzbvr
firebase-auth;com.google.android.gms.internal.zzbux
firebase-auth;com.google.android.gms.internal.zzbuk$3
firebase-auth;com.google.android.gms.internal.zzbut
firebase-auth;com.google.android.gms.internal.zzbuw
firebase-auth;com.google.android.gms.internal.zzbuj
firebase-auth;com.google.android.gms.internal.zzbui$1
firebase-auth;com.google.android.gms.internal.zzbup
firebase-auth;com.google.android.gms.internal.zzbuk$4
firebase-auth;com.google.android.gms.internal.zzbvc
firebase-auth;com.google.android.gms.internal.zzbuf
firebase-auth;com.google.android.gms.internal.zzbuy
firebase-auth;com.google.android.gms.internal.zzbuu
firebase-auth;com.google.android.gms.internal.zzbul
firebase-auth;com.google.android.gms.internal.zzbus
firebase-auth;com.google.android.gms.internal.zzbui$3
firebase-auth;com.google.android.gms.internal.zzbug
firebase-auth;com.google.android.gms.internal.zzbvd
firebase-auth;com.google.android.gms.internal.zzbum
firebase-auth;com.google.android.gms.internal.zzbuz
firebase-auth;com.google.android.gms.internal.zzbuk$1
firebase-auth;com.google.android.gms.internal.zzbvb$zza
firebase-auth;com.google.android.gms.internal.zzbuk
firebase-auth;com.google.android.gms.internal.zzbuk$5
firebase-auth;com.google.android.gms.internal.zzbva$1
firebase-auth;com.google.android.gms.internal.zzbun
firebase-auth;com.google.android.gms.internal.zzbui$2
firebase-auth;com.google.android.gms.internal.zzbvb$1
firebase-auth;com.google.android.gms.internal.zzbuh
firebase-auth;com.google.android.gms.internal.zzbuq
firebase-auth;com.google.android.gms.internal.zzbui$5
firebase-auth;com.google.android.gms.internal.zzbvb
firebase-auth;com.google.android.gms.internal.zzbva$2
firebase-auth;com.google.android.gms.internal.zzbuo
firebase-auth;com.google.android.gms.internal.zzbuk$2
firebase-auth;com.google.android.gms.internal.zzbva
firebase-auth;com.google.android.gms.internal.zzbur
firebase-auth;com.google.android.gms.internal.zzbui$4
firebase-auth;com.google.android.gms.internal.zzbui
firebase-auth;com.google.android.gms.internal.zzbuk$zza
firebase-auth;com.google.android.gms.internal.zzbuv
firebase-database;com.google.firebase.database.ChildEventListener
firebase-database;com.google.firebase.database.DataSnapshot$1$1
firebase-database;com.google.firebase.database.DataSnapshot$1
firebase-database;com.google.firebase.database.DataSnapshot
firebase-database;com.google.firebase.database.DatabaseError
firebase-database;com.google.firebase.database.DatabaseException
firebase-database;com.google.firebase.database.DatabaseReference$1
firebase-database;com.google.firebase.database.DatabaseReference$2
firebase-database;com.google.firebase.database.DatabaseReference$3
firebase-database;com.google.firebase.database.DatabaseReference$4
firebase-database;com.google.firebase.database.DatabaseReference$CompletionListener
firebase-database;com.google.firebase.database.DatabaseReference
firebase-database;com.google.firebase.database.Exclude
firebase-database;com.google.firebase.database.FirebaseDatabase$1
firebase-database;com.google.firebase.database.FirebaseDatabase
firebase-database;com.google.firebase.database.GenericTypeIndicator
firebase-database;com.google.firebase.database.IgnoreExtraProperties
firebase-database;com.google.firebase.database.zza
firebase-database;com.google.firebase.database.Logger$Level
firebase-database;com.google.firebase.database.Logger
firebase-database;com.google.firebase.database.MutableData$1$1
firebase-database;com.google.firebase.database.MutableData$1
firebase-database;com.google.firebase.database.MutableData$2$1
firebase-database;com.google.firebase.database.MutableData$2
firebase-database;com.google.firebase.database.MutableData
firebase-database;com.google.firebase.database.OnDisconnect$1
firebase-database;com.google.firebase.database.OnDisconnect$2
firebase-database;com.google.firebase.database.OnDisconnect$3
firebase-database;com.google.firebase.database.OnDisconnect
firebase-database;com.google.firebase.database.PropertyName
firebase-database;com.google.firebase.database.Query$1
firebase-database;com.google.firebase.database.Query$2
firebase-database;com.google.firebase.database.Query$3
firebase-database;com.google.firebase.database.Query$4
firebase-database;com.google.firebase.database.Query
firebase-database;com.google.firebase.database.ServerValue
firebase-database;com.google.firebase.database.ThrowOnExtraProperties
firebase-database;com.google.firebase.database.Transaction$1
firebase-database;com.google.firebase.database.Transaction$Handler
firebase-database;com.google.firebase.database.Transaction$Result
firebase-database;com.google.firebase.database.Transaction
firebase-database;com.google.firebase.database.ValueEventListener
firebase-database;com.google.android.gms.internal.zzbnt$1
firebase-database;com.google.android.gms.internal.zzbnt$2
firebase-database;com.google.android.gms.internal.zzbnt$3$1
firebase-database;com.google.android.gms.internal.zzbnt$3
firebase-database;com.google.android.gms.internal.zzbnt
firebase-database;com.google.android.gms.internal.zzbnu
firebase-database;com.google.android.gms.internal.zzbnv$1$1
firebase-database;com.google.android.gms.internal.zzbnv$1
firebase-database;com.google.android.gms.internal.zzbnv$2
firebase-database;com.google.android.gms.internal.zzbnv
firebase-database;com.google.android.gms.internal.zzbnw$1
firebase-database;com.google.android.gms.internal.zzbnw$2
firebase-database;com.google.android.gms.internal.zzbnw$zza
firebase-database;com.google.android.gms.internal.zzbnw
firebase-database;com.google.android.gms.internal.zzbow$zza
firebase-database;com.google.android.gms.internal.zzbow$zzb
firebase-database;com.google.android.gms.internal.zzbow
firebase-database;com.google.android.gms.internal.zzbox$1
firebase-database;com.google.android.gms.internal.zzbox
firebase-database;com.google.android.gms.internal.zzboy$1
firebase-database;com.google.android.gms.internal.zzboy$2
firebase-database;com.google.android.gms.internal.zzboy
firebase-database;com.google.android.gms.internal.zzboz
firebase-database;com.google.android.gms.internal.zzbpa$1$1
firebase-database;com.google.android.gms.internal.zzbpa$1
firebase-database;com.google.android.gms.internal.zzbpa
firebase-database;com.google.android.gms.internal.zzbpb$1
firebase-database;com.google.android.gms.internal.zzbpb
firebase-database;com.google.android.gms.internal.zzbpc
firebase-database;com.google.android.gms.internal.zzbpd
firebase-database;com.google.android.gms.internal.zzbpe
firebase-database;com.google.android.gms.internal.zzbpf$1
firebase-database;com.google.android.gms.internal.zzbpf$2
firebase-database;com.google.android.gms.internal.zzbpf$3
firebase-database;com.google.android.gms.internal.zzbpf
firebase-database;com.google.android.gms.internal.zzbpg$1
firebase-database;com.google.android.gms.internal.zzbpg
firebase-database;com.google.android.gms.internal.zzbph$1
firebase-database;com.google.android.gms.internal.zzbph
firebase-database;com.google.android.gms.internal.zzbpi
firebase-database;com.google.android.gms.internal.zzbpj$1
firebase-database;com.google.android.gms.internal.zzbpj$2
firebase-database;com.google.android.gms.internal.zzbpj$3
firebase-database;com.google.android.gms.internal.zzbpj$4
firebase-database;com.google.android.gms.internal.zzbpj$5
firebase-database;com.google.android.gms.internal.zzbpj$6
firebase-database;com.google.android.gms.internal.zzbpj$7
firebase-database;com.google.android.gms.internal.zzbpj$8$1
firebase-database;com.google.android.gms.internal.zzbpj$8
firebase-database;com.google.android.gms.internal.zzbpj$9
firebase-database;com.google.android.gms.internal.zzbpj$10
firebase-database;com.google.android.gms.internal.zzbpj$11
firebase-database;com.google.android.gms.internal.zzbpj$12
firebase-database;com.google.android.gms.internal.zzbpj$13
firebase-database;com.google.android.gms.internal.zzbpj$14
firebase-database;com.google.android.gms.internal.zzbpj$15
firebase-database;com.google.android.gms.internal.zzbpj$16
firebase-database;com.google.android.gms.internal.zzbpj$17$1
firebase-database;com.google.android.gms.internal.zzbpj$17
firebase-database;com.google.android.gms.internal.zzbpj$18$1
firebase-database;com.google.android.gms.internal.zzbpj$18
firebase-database;com.google.android.gms.internal.zzbpj$19
firebase-database;com.google.android.gms.internal.zzbpj$20
firebase-database;com.google.android.gms.internal.zzbpj$21
firebase-database;com.google.android.gms.internal.zzbpj$22
firebase-database;com.google.android.gms.internal.zzbpj$23
firebase-database;com.google.android.gms.internal.zzbpj$zza
firebase-database;com.google.android.gms.internal.zzbpj$zzb
firebase-database;com.google.android.gms.internal.zzbpj
firebase-database;com.google.android.gms.internal.zzbpk
firebase-database;com.google.android.gms.internal.zzbpl$1
firebase-database;com.google.android.gms.internal.zzbpl$2
firebase-database;com.google.android.gms.internal.zzbpl$3
firebase-database;com.google.android.gms.internal.zzbpl$4
firebase-database;com.google.android.gms.internal.zzbpl
firebase-database;com.google.android.gms.internal.zzbpm
firebase-database;com.google.android.gms.internal.zzbpn$1
firebase-database;com.google.android.gms.internal.zzbpn$2
firebase-database;com.google.android.gms.internal.zzbpn
firebase-database;com.google.android.gms.internal.zzbpo
firebase-database;com.google.android.gms.internal.zzbpp$1
firebase-database;com.google.android.gms.internal.zzbpp$2
firebase-database;com.google.android.gms.internal.zzbpp$zza
firebase-database;com.google.android.gms.internal.zzbpp$zzb
firebase-database;com.google.android.gms.internal.zzbpp
firebase-database;com.google.android.gms.internal.zzbpq
firebase-database;com.google.android.gms.internal.zzbpr$1
firebase-database;com.google.android.gms.internal.zzbpr$2
firebase-database;com.google.android.gms.internal.zzbpr$3
firebase-database;com.google.android.gms.internal.zzbpr$4
firebase-database;com.google.android.gms.internal.zzbpr$5
firebase-database;com.google.android.gms.internal.zzbpr$6
firebase-database;com.google.android.gms.internal.zzbpr$7
firebase-database;com.google.android.gms.internal.zzbpr$8
firebase-database;com.google.android.gms.internal.zzbpr$9
firebase-database;com.google.android.gms.internal.zzbpr$10
firebase-database;com.google.android.gms.internal.zzbpr$11
firebase-database;com.google.android.gms.internal.zzbpr$12
firebase-database;com.google.android.gms.internal.zzbpr$13
firebase-database;com.google.android.gms.internal.zzbpr$14
firebase-database;com.google.android.gms.internal.zzbpr$zza
firebase-database;com.google.android.gms.internal.zzbpr$zzb
firebase-database;com.google.android.gms.internal.zzbpr$zzc
firebase-database;com.google.android.gms.internal.zzbpr$zzd
firebase-database;com.google.android.gms.internal.zzbpr
firebase-database;com.google.android.gms.internal.zzbps
firebase-database;com.google.android.gms.internal.zzbpt$1
firebase-database;com.google.android.gms.internal.zzbpt
firebase-database;com.google.android.gms.internal.zzbpu$1
firebase-database;com.google.android.gms.internal.zzbpu
firebase-database;com.google.android.gms.internal.zzbpv
firebase-database;com.google.android.gms.internal.zzbpw
firebase-database;com.google.android.gms.internal.zzbpx
firebase-database;com.google.android.gms.internal.zzbpy$1
firebase-database;com.google.android.gms.internal.zzbpy$2
firebase-database;com.google.android.gms.internal.zzbpy
firebase-database;com.google.android.gms.internal.zzbpz
firebase-database;com.google.android.gms.internal.zzbqa
firebase-database;com.google.android.gms.internal.zzbqb
firebase-database;com.google.android.gms.internal.zzbqc
firebase-database;com.google.android.gms.internal.zzbqd
firebase-database;com.google.android.gms.internal.zzbqe$zza
firebase-database;com.google.android.gms.internal.zzbqe
firebase-database;com.google.android.gms.internal.zzbqf$zza
firebase-database;com.google.android.gms.internal.zzbqf
firebase-database;com.google.android.gms.internal.zzbqg
firebase-database;com.google.android.gms.internal.zzbqh$1
firebase-database;com.google.android.gms.internal.zzbqh
firebase-database;com.google.android.gms.internal.zzbqi
firebase-database;com.google.android.gms.internal.zzbqj
firebase-database;com.google.android.gms.internal.zzbqk
firebase-database;com.google.android.gms.internal.zzbql
firebase-database;com.google.android.gms.internal.zzbqm
firebase-database;com.google.android.gms.internal.zzbqn$1
firebase-database;com.google.android.gms.internal.zzbqn$2
firebase-database;com.google.android.gms.internal.zzbqn$3
firebase-database;com.google.android.gms.internal.zzbqn
firebase-database;com.google.android.gms.internal.zzbqo
firebase-database;com.google.android.gms.internal.zzbqp$1
firebase-database;com.google.android.gms.internal.zzbqp$2
firebase-database;com.google.android.gms.internal.zzbqp$3
firebase-database;com.google.android.gms.internal.zzbqp$4
firebase-database;com.google.android.gms.internal.zzbqp$5
firebase-database;com.google.android.gms.internal.zzbqp$6
firebase-database;com.google.android.gms.internal.zzbqp
firebase-database;com.google.android.gms.internal.zzbqq$1
firebase-database;com.google.android.gms.internal.zzbqq$2
firebase-database;com.google.android.gms.internal.zzbqq$zza
firebase-database;com.google.android.gms.internal.zzbqq
firebase-database;com.google.android.gms.internal.zzbqr$1
firebase-database;com.google.android.gms.internal.zzbqr
firebase-database;com.google.android.gms.internal.zzbqs$1
firebase-database;com.google.android.gms.internal.zzbqs$zza
firebase-database;com.google.android.gms.internal.zzbqs$zzb
firebase-database;com.google.android.gms.internal.zzbqs
firebase-database;com.google.android.gms.internal.zzbqt
firebase-database;com.google.android.gms.internal.zzbqu
firebase-database;com.google.android.gms.internal.zzbqv
firebase-database;com.google.android.gms.internal.zzbqw
firebase-database;com.google.android.gms.internal.zzbqx
firebase-database;com.google.android.gms.internal.zzbqy$zza
firebase-database;com.google.android.gms.internal.zzbqy
firebase-database;com.google.android.gms.internal.zzbqz$1
firebase-database;com.google.android.gms.internal.zzbqz
firebase-database;com.google.android.gms.internal.zzbra$1
firebase-database;com.google.android.gms.internal.zzbra
firebase-database;com.google.android.gms.internal.zzbrb$1
firebase-database;com.google.android.gms.internal.zzbrb$zza
firebase-database;com.google.android.gms.internal.zzbrb
firebase-database;com.google.android.gms.internal.zzbrc
firebase-database;com.google.android.gms.internal.zzbrd$zza
firebase-database;com.google.android.gms.internal.zzbrd
firebase-database;com.google.android.gms.internal.zzbre
firebase-database;com.google.android.gms.internal.zzbrf$1
firebase-database;com.google.android.gms.internal.zzbrf$2
firebase-database;com.google.android.gms.internal.zzbrf$zza
firebase-database;com.google.android.gms.internal.zzbrf$zzb
firebase-database;com.google.android.gms.internal.zzbrf
firebase-database;com.google.android.gms.internal.zzbrg
firebase-database;com.google.android.gms.internal.zzbrh
firebase-database;com.google.android.gms.internal.zzbri
firebase-database;com.google.android.gms.internal.zzbrj$zza
firebase-database;com.google.android.gms.internal.zzbrj
firebase-database;com.google.android.gms.internal.zzbrk
firebase-database;com.google.android.gms.internal.zzbrp
firebase-database;com.google.android.gms.internal.zzbrq$1
firebase-database;com.google.android.gms.internal.zzbrq$zza
firebase-database;com.google.android.gms.internal.zzbrq
firebase-database;com.google.android.gms.internal.zzbrr$1
firebase-database;com.google.android.gms.internal.zzbrr$2
firebase-database;com.google.android.gms.internal.zzbrr$zza
firebase-database;com.google.android.gms.internal.zzbrr$zzb
firebase-database;com.google.android.gms.internal.zzbrr
firebase-database;com.google.android.gms.internal.zzbrs$1
firebase-database;com.google.android.gms.internal.zzbrs$zza
firebase-database;com.google.android.gms.internal.zzbrs$zzb
firebase-database;com.google.android.gms.internal.zzbrs$zzc
firebase-database;com.google.android.gms.internal.zzbrs
firebase-database;com.google.android.gms.internal.zzbrt
firebase-database;com.google.android.gms.internal.zzbru
firebase-database;com.google.android.gms.internal.zzbrv
firebase-database;com.google.android.gms.internal.zzbrw
firebase-database;com.google.android.gms.internal.zzbrx
firebase-database;com.google.android.gms.internal.zzbry
firebase-database;com.google.android.gms.internal.zzbrz$1
firebase-database;com.google.android.gms.internal.zzbrz$zza
firebase-database;com.google.android.gms.internal.zzbrz
firebase-database;com.google.android.gms.internal.zzbsa
firebase-database;com.google.android.gms.internal.zzbsb
firebase-database;com.google.android.gms.internal.zzbsc$1
firebase-database;com.google.android.gms.internal.zzbsc$zza
firebase-database;com.google.android.gms.internal.zzbsc
firebase-database;com.google.android.gms.internal.zzbsd
firebase-database;com.google.android.gms.internal.zzbse
firebase-database;com.google.android.gms.internal.zzbsf
firebase-database;com.google.android.gms.internal.zzbsg
firebase-database;com.google.android.gms.internal.zzbsh
firebase-database;com.google.android.gms.internal.zzbsi$1
firebase-database;com.google.android.gms.internal.zzbsi
firebase-database;com.google.android.gms.internal.zzbsj
firebase-database;com.google.android.gms.internal.zzbsw
firebase-database;com.google.android.gms.internal.zzbsx
firebase-database;com.google.android.gms.internal.zzbsy$1
firebase-database;com.google.android.gms.internal.zzbsy$zza$1
firebase-database;com.google.android.gms.internal.zzbsy$zza
firebase-database;com.google.android.gms.internal.zzbsy
firebase-database;com.google.android.gms.internal.zzbsz
firebase-database;com.google.android.gms.internal.zzbta
firebase-database;com.google.android.gms.internal.zzbtb
firebase-database;com.google.android.gms.internal.zzbtc
firebase-database;com.google.android.gms.internal.zzbtd
firebase-database;com.google.android.gms.internal.zzbte$1
firebase-database;com.google.android.gms.internal.zzbte
firebase-database;com.google.android.gms.internal.zzbtf
firebase-database;com.google.android.gms.internal.zzbtg$zza
firebase-database;com.google.android.gms.internal.zzbtg
firebase-database;com.google.android.gms.internal.zzbnx$1
firebase-database;com.google.android.gms.internal.zzbnx
firebase-database;com.google.android.gms.internal.zzbny$zza$1
firebase-database;com.google.android.gms.internal.zzbny$zza$zza
firebase-database;com.google.android.gms.internal.zzbny$zza
firebase-database;com.google.android.gms.internal.zzbny
firebase-database;com.google.android.gms.internal.zzbnz
firebase-database;com.google.android.gms.internal.zzboa$zza
firebase-database;com.google.android.gms.internal.zzboa
firebase-database;com.google.android.gms.internal.zzbob
firebase-database;com.google.android.gms.internal.zzboc
firebase-database;com.google.android.gms.internal.zzbod$zza
firebase-database;com.google.android.gms.internal.zzbod$zzb
firebase-database;com.google.android.gms.internal.zzbod
firebase-database;com.google.android.gms.internal.zzboe
firebase-database;com.google.android.gms.internal.zzbof
firebase-database;com.google.android.gms.internal.zzbog$1
firebase-database;com.google.android.gms.internal.zzbog$zza$zza$1
firebase-database;com.google.android.gms.internal.zzbog$zza$zza
firebase-database;com.google.android.gms.internal.zzbog$zza$zzb
firebase-database;com.google.android.gms.internal.zzbog$zza
firebase-database;com.google.android.gms.internal.zzbog
firebase-database;com.google.android.gms.internal.zzboh
firebase-analytics-impl;com.google.firebase.analytics.FirebaseAnalytics$Event
firebase-analytics-impl;com.google.firebase.analytics.FirebaseAnalytics$Param
firebase-analytics-impl;com.google.firebase.analytics.FirebaseAnalytics$UserProperty
firebase-analytics-impl;com.google.firebase.analytics.FirebaseAnalytics
firebase-analytics-impl;com.google.android.gms.measurement.AppMeasurement$ConditionalUserProperty
firebase-analytics-impl;com.google.android.gms.measurement.AppMeasurement$zza
firebase-analytics-impl;com.google.android.gms.measurement.AppMeasurement$zzb
firebase-analytics-impl;com.google.android.gms.measurement.AppMeasurement$zzc
firebase-analytics-impl;com.google.android.gms.measurement.AppMeasurement$zzd
firebase-analytics-impl;com.google.android.gms.measurement.AppMeasurement$zze
firebase-analytics-impl;com.google.android.gms.measurement.AppMeasurement$zzf
firebase-analytics-impl;com.google.android.gms.measurement.AppMeasurement$zzg
firebase-analytics-impl;com.google.android.gms.measurement.AppMeasurement
firebase-analytics-impl;com.google.android.gms.internal.zzatb$1
firebase-analytics-impl;com.google.android.gms.internal.zzatb$2
firebase-analytics-impl;com.google.android.gms.internal.zzatb$3
firebase-analytics-impl;com.google.android.gms.internal.zzatb
firebase-analytics-impl;com.google.android.gms.internal.zzatc
firebase-analytics-impl;com.google.android.gms.internal.zzatd
firebase-analytics-impl;com.google.android.gms.internal.zzate
firebase-analytics-impl;com.google.android.gms.internal.zzatf
firebase-analytics-impl;com.google.android.gms.internal.zzatg
firebase-analytics-impl;com.google.android.gms.internal.zzath
firebase-analytics-impl;com.google.android.gms.internal.zzati
firebase-analytics-impl;com.google.android.gms.internal.zzatj$zza
firebase-analytics-impl;com.google.android.gms.internal.zzatj$zzb
firebase-analytics-impl;com.google.android.gms.internal.zzatj$zzc
firebase-analytics-impl;com.google.android.gms.internal.zzatj
firebase-analytics-impl;com.google.android.gms.internal.zzatk$1
firebase-analytics-impl;com.google.android.gms.internal.zzatk
firebase-analytics-impl;com.google.android.gms.internal.zzatl
firebase-analytics-impl;com.google.android.gms.internal.zzatm
firebase-analytics-impl;com.google.android.gms.internal.zzatn
firebase-analytics-impl;com.google.android.gms.internal.zzato$1
firebase-analytics-impl;com.google.android.gms.internal.zzato
firebase-analytics-impl;com.google.android.gms.internal.zzatp
firebase-analytics-impl;com.google.android.gms.internal.zzatq
firebase-analytics-impl;com.google.android.gms.internal.zzatr
firebase-analytics-impl;com.google.android.gms.internal.zzats$zza
firebase-analytics-impl;com.google.android.gms.internal.zzats
firebase-analytics-impl;com.google.android.gms.internal.zzatt$zza$zza
firebase-analytics-impl;com.google.android.gms.internal.zzatt$zza
firebase-analytics-impl;com.google.android.gms.internal.zzatt
firebase-analytics-impl;com.google.android.gms.internal.zzatu
firebase-analytics-impl;com.google.android.gms.internal.zzatv$zza
firebase-analytics-impl;com.google.android.gms.internal.zzatv
firebase-analytics-impl;com.google.android.gms.internal.zzatw
firebase-analytics-impl;com.google.android.gms.internal.zzatx$1
firebase-analytics-impl;com.google.android.gms.internal.zzatx$zza
firebase-analytics-impl;com.google.android.gms.internal.zzatx$zzb
firebase-analytics-impl;com.google.android.gms.internal.zzatx
firebase-analytics-impl;com.google.android.gms.internal.zzaty$1
firebase-analytics-impl;com.google.android.gms.internal.zzaty$zza
firebase-analytics-impl;com.google.android.gms.internal.zzaty$zzb
firebase-analytics-impl;com.google.android.gms.internal.zzaty$zzc
firebase-analytics-impl;com.google.android.gms.internal.zzaty
firebase-analytics-impl;com.google.android.gms.internal.zzatz$1
firebase-analytics-impl;com.google.android.gms.internal.zzatz
firebase-analytics-impl;com.google.android.gms.internal.zzaua$1
firebase-analytics-impl;com.google.android.gms.internal.zzaua$zza
firebase-analytics-impl;com.google.android.gms.internal.zzaua$zzb
firebase-analytics-impl;com.google.android.gms.internal.zzaua$zzc
firebase-analytics-impl;com.google.android.gms.internal.zzaua
firebase-analytics-impl;com.google.android.gms.internal.zzaub$1
firebase-analytics-impl;com.google.android.gms.internal.zzaub$zza
firebase-analytics-impl;com.google.android.gms.internal.zzaub
firebase-analytics-impl;com.google.android.gms.internal.zzauc
firebase-analytics-impl;com.google.android.gms.internal.zzaud$zza
firebase-analytics-impl;com.google.android.gms.internal.zzaud$zzb
firebase-analytics-impl;com.google.android.gms.internal.zzaud$zzc
firebase-analytics-impl;com.google.android.gms.internal.zzaud$zzd
firebase-analytics-impl;com.google.android.gms.internal.zzaud
firebase-analytics-impl;com.google.android.gms.internal.zzaue$1
firebase-analytics-impl;com.google.android.gms.internal.zzaue$2
firebase-analytics-impl;com.google.android.gms.internal.zzaue$3
firebase-analytics-impl;com.google.android.gms.internal.zzaue$4
firebase-analytics-impl;com.google.android.gms.internal.zzaue$zza
firebase-analytics-impl;com.google.android.gms.internal.zzaue
firebase-analytics-impl;com.google.android.gms.internal.zzauf$1
firebase-analytics-impl;com.google.android.gms.internal.zzauf$2
firebase-analytics-impl;com.google.android.gms.internal.zzauf$3
firebase-analytics-impl;com.google.android.gms.internal.zzauf$4
firebase-analytics-impl;com.google.android.gms.internal.zzauf$5
firebase-analytics-impl;com.google.android.gms.internal.zzauf$6
firebase-analytics-impl;com.google.android.gms.internal.zzauf$7
firebase-analytics-impl;com.google.android.gms.internal.zzauf$8
firebase-analytics-impl;com.google.android.gms.internal.zzauf$9
firebase-analytics-impl;com.google.android.gms.internal.zzauf$10
firebase-analytics-impl;com.google.android.gms.internal.zzauf$11
firebase-analytics-impl;com.google.android.gms.internal.zzauf$12
firebase-analytics-impl;com.google.android.gms.internal.zzauf$13
firebase-analytics-impl;com.google.android.gms.internal.zzauf$14
firebase-analytics-impl;com.google.android.gms.internal.zzauf$15
firebase-analytics-impl;com.google.android.gms.internal.zzauf$16
firebase-analytics-impl;com.google.android.gms.internal.zzauf$17
firebase-analytics-impl;com.google.android.gms.internal.zzauf
firebase-analytics-impl;com.google.android.gms.internal.zzaug
firebase-analytics-impl;com.google.android.gms.internal.zzauh
firebase-analytics-impl;com.google.android.gms.internal.zzaui
firebase-analytics-impl;com.google.android.gms.internal.zzauj$1
firebase-analytics-impl;com.google.android.gms.internal.zzauj$2
firebase-analytics-impl;com.google.android.gms.internal.zzauj$3
firebase-analytics-impl;com.google.android.gms.internal.zzauj$4
firebase-analytics-impl;com.google.android.gms.internal.zzauj$5
firebase-analytics-impl;com.google.android.gms.internal.zzauj$6
firebase-analytics-impl;com.google.android.gms.internal.zzauj$7
firebase-analytics-impl;com.google.android.gms.internal.zzauj$8
firebase-analytics-impl;com.google.android.gms.internal.zzauj$9
firebase-analytics-impl;com.google.android.gms.internal.zzauj$10
firebase-analytics-impl;com.google.android.gms.internal.zzauj$11
firebase-analytics-impl;com.google.android.gms.internal.zzauj$12
firebase-analytics-impl;com.google.android.gms.internal.zzauj$zza
firebase-analytics-impl;com.google.android.gms.internal.zzauj
firebase-analytics-impl;com.google.android.gms.internal.zzauk$1
firebase-analytics-impl;com.google.android.gms.internal.zzauk$2
firebase-analytics-impl;com.google.android.gms.internal.zzauk$zza
firebase-analytics-impl;com.google.android.gms.internal.zzauk
firebase-analytics-impl;com.google.android.gms.internal.zzaul$1
firebase-analytics-impl;com.google.android.gms.internal.zzaul$2
firebase-analytics-impl;com.google.android.gms.internal.zzaul$3
firebase-analytics-impl;com.google.android.gms.internal.zzaul$4
firebase-analytics-impl;com.google.android.gms.internal.zzaul$5
firebase-analytics-impl;com.google.android.gms.internal.zzaul$6
firebase-analytics-impl;com.google.android.gms.internal.zzaul$7
firebase-analytics-impl;com.google.android.gms.internal.zzaul$8
firebase-analytics-impl;com.google.android.gms.internal.zzaul$9
firebase-analytics-impl;com.google.android.gms.internal.zzaul$10
firebase-analytics-impl;com.google.android.gms.internal.zzaul$11
firebase-analytics-impl;com.google.android.gms.internal.zzaul$12
firebase-analytics-impl;com.google.android.gms.internal.zzaul$zza$1
firebase-analytics-impl;com.google.android.gms.internal.zzaul$zza$2
firebase-analytics-impl;com.google.android.gms.internal.zzaul$zza$3
firebase-analytics-impl;com.google.android.gms.internal.zzaul$zza$4
firebase-analytics-impl;com.google.android.gms.internal.zzaul$zza
firebase-analytics-impl;com.google.android.gms.internal.zzaul
firebase-analytics-impl;com.google.android.gms.internal.zzaum$1$1
firebase-analytics-impl;com.google.android.gms.internal.zzaum$1
firebase-analytics-impl;com.google.android.gms.internal.zzaum$zza
firebase-analytics-impl;com.google.android.gms.internal.zzaum
firebase-analytics-impl;com.google.android.gms.internal.zzaun$1
firebase-analytics-impl;com.google.android.gms.internal.zzaun$2
firebase-analytics-impl;com.google.android.gms.internal.zzaun$3
firebase-analytics-impl;com.google.android.gms.internal.zzaun$4
firebase-analytics-impl;com.google.android.gms.internal.zzaun
firebase-analytics-impl;com.google.android.gms.internal.zzauo
firebase-analytics-impl;com.google.android.gms.internal.zzaup$1
firebase-analytics-impl;com.google.android.gms.internal.zzaup
firebase-analytics-impl;com.google.android.gms.internal.zzauq
firebase-analytics-impl;com.google.android.gms.internal.zzaur
firebase-analytics-impl;com.google.android.gms.internal.zzaus
firebase-analytics-impl;com.google.android.gms.internal.zzaut
firebase-analytics-impl;com.google.android.gms.internal.zzauu$zza
firebase-analytics-impl;com.google.android.gms.internal.zzauu$zzb
firebase-analytics-impl;com.google.android.gms.internal.zzauu$zzc
firebase-analytics-impl;com.google.android.gms.internal.zzauu$zzd
firebase-analytics-impl;com.google.android.gms.internal.zzauu$zze
firebase-analytics-impl;com.google.android.gms.internal.zzauu$zzf
firebase-analytics-impl;com.google.android.gms.internal.zzauu
firebase-analytics-impl;com.google.android.gms.internal.zzauv$zza
firebase-analytics-impl;com.google.android.gms.internal.zzauv$zzb
firebase-analytics-impl;com.google.android.gms.internal.zzauv$zzc
firebase-analytics-impl;com.google.android.gms.internal.zzauv
firebase-analytics-impl;com.google.android.gms.internal.zzauw$zza
firebase-analytics-impl;com.google.android.gms.internal.zzauw$zzb
firebase-analytics-impl;com.google.android.gms.internal.zzauw$zzc
firebase-analytics-impl;com.google.android.gms.internal.zzauw$zzd
firebase-analytics-impl;com.google.android.gms.internal.zzauw$zze
firebase-analytics-impl;com.google.android.gms.internal.zzauw$zzf
firebase-analytics-impl;com.google.android.gms.internal.zzauw$zzg
firebase-analytics-impl;com.google.android.gms.internal.zzauw
firebase-analytics;com.google.android.gms.measurement.AppMeasurementContentProvider
firebase-analytics;com.google.android.gms.measurement.AppMeasurementInstallReferrerReceiver
firebase-analytics;com.google.android.gms.measurement.AppMeasurementReceiver
firebase-analytics;com.google.android.gms.measurement.AppMeasurementService
firebase-common;com.google.android.gms.internal.zzbth
firebase-common;com.google.android.gms.internal.zzbti
firebase-common;com.google.android.gms.internal.zzbtj
firebase-common;com.google.android.gms.internal.zzbtk
firebase-common;com.google.firebase.FirebaseApp$1
firebase-common;com.google.firebase.FirebaseApp$zza
firebase-common;com.google.firebase.FirebaseApp$zzb
firebase-common;com.google.firebase.FirebaseApp$zzc
firebase-common;com.google.firebase.FirebaseApp
firebase-common;com.google.firebase.FirebaseNetworkException
firebase-common;com.google.firebase.FirebaseOptions$1
firebase-common;com.google.firebase.FirebaseOptions$Builder
firebase-common;com.google.firebase.FirebaseOptions
firebase-common;com.google.firebase.FirebaseTooManyRequestsException
firebase-common;com.google.firebase.auth.FirebaseAuthException
firebase-common;com.google.firebase.auth.GetTokenResult
firebase-common;com.google.firebase.provider.FirebaseInitProvider
firebase-crash;com.google.firebase.crash.FirebaseCrash
firebase-crash;com.google.android.gms.internal.zzbnl$1
firebase-crash;com.google.android.gms.internal.zzbnl
firebase-crash;com.google.android.gms.internal.zzbnm
firebase-crash;com.google.android.gms.internal.zzbnn
firebase-crash;com.google.android.gms.internal.zzbno
firebase-crash;com.google.android.gms.internal.zzbnp$zza$zza
firebase-crash;com.google.android.gms.internal.zzbnp$zza
firebase-crash;com.google.android.gms.internal.zzbnp
firebase-crash;com.google.android.gms.internal.zzbnq$1
firebase-crash;com.google.android.gms.internal.zzbnq$zza
firebase-crash;com.google.android.gms.internal.zzbnq
firebase-crash;com.google.android.gms.internal.zzbnr
firebase-crash;com.google.android.gms.internal.zzbns
firebase-messaging;com.google.firebase.messaging.zza
firebase-messaging;com.google.firebase.messaging.zzb
firebase-messaging;com.google.firebase.messaging.zzc
firebase-messaging;com.google.firebase.messaging.FirebaseMessaging
firebase-messaging;com.google.firebase.messaging.FirebaseMessagingService
firebase-messaging;com.google.firebase.messaging.zzd
firebase-messaging;com.google.firebase.messaging.RemoteMessage$1
firebase-messaging;com.google.firebase.messaging.RemoteMessage$Builder
firebase-messaging;com.google.firebase.messaging.RemoteMessage$Notification
firebase-messaging;com.google.firebase.messaging.RemoteMessage
firebase-messaging;com.google.firebase.messaging.zze
firebase-messaging;com.google.firebase.messaging.SendException
firebase-appindexing;com.google.firebase.appindexing.Action$Builder$StatusType
firebase-appindexing;com.google.firebase.appindexing.Action$Builder
firebase-appindexing;com.google.firebase.appindexing.Action$Metadata$Builder
firebase-appindexing;com.google.firebase.appindexing.Action$Metadata
firebase-appindexing;com.google.firebase.appindexing.Action
firebase-appindexing;com.google.firebase.appindexing.FirebaseAppIndex
firebase-appindexing;com.google.firebase.appindexing.FirebaseAppIndexingException
firebase-appindexing;com.google.firebase.appindexing.FirebaseAppIndexingInvalidArgumentException
firebase-appindexing;com.google.firebase.appindexing.FirebaseAppIndexingTooManyArgumentsException
firebase-appindexing;com.google.firebase.appindexing.FirebaseUserActions
firebase-appindexing;com.google.firebase.appindexing.Indexable$Builder
firebase-appindexing;com.google.firebase.appindexing.Indexable$Metadata$Builder
firebase-appindexing;com.google.firebase.appindexing.Indexable$Metadata
firebase-appindexing;com.google.firebase.appindexing.Indexable
firebase-appindexing;com.google.firebase.appindexing.builders.Actions
firebase-appindexing;com.google.firebase.appindexing.builders.ConversationBuilder
firebase-appindexing;com.google.firebase.appindexing.builders.DigitalDocumentBuilder
firebase-appindexing;com.google.firebase.appindexing.builders.DigitalDocumentPermissionBuilder
firebase-appindexing;com.google.firebase.appindexing.builders.IndexableBuilder
firebase-appindexing;com.google.firebase.appindexing.builders.Indexables
firebase-appindexing;com.google.firebase.appindexing.builders.MessageBuilder
firebase-appindexing;com.google.firebase.appindexing.builders.MusicAlbumBuilder
firebase-appindexing;com.google.firebase.appindexing.builders.MusicGroupBuilder
firebase-appindexing;com.google.firebase.appindexing.builders.MusicPlaylistBuilder
firebase-appindexing;com.google.firebase.appindexing.builders.MusicRecordingBuilder
firebase-appindexing;com.google.firebase.appindexing.builders.PersonBuilder
firebase-appindexing;com.google.firebase.appindexing.internal.zza$zza
firebase-appindexing;com.google.firebase.appindexing.internal.zza
firebase-appindexing;com.google.firebase.appindexing.internal.zzb
firebase-appindexing;com.google.firebase.appindexing.internal.zzc$1
firebase-appindexing;com.google.firebase.appindexing.internal.zzc
firebase-appindexing;com.google.firebase.appindexing.internal.zzd$1
firebase-appindexing;com.google.firebase.appindexing.internal.zzd$2
firebase-appindexing;com.google.firebase.appindexing.internal.zzd$3
firebase-appindexing;com.google.firebase.appindexing.internal.zzd$zza
firebase-appindexing;com.google.firebase.appindexing.internal.zzd$zzb$1
firebase-appindexing;com.google.firebase.appindexing.internal.zzd$zzb
firebase-appindexing;com.google.firebase.appindexing.internal.zzd$zzc$1$1
firebase-appindexing;com.google.firebase.appindexing.internal.zzd$zzc$1
firebase-appindexing;com.google.firebase.appindexing.internal.zzd$zzc$2
firebase-appindexing;com.google.firebase.appindexing.internal.zzd$zzc
firebase-appindexing;com.google.firebase.appindexing.internal.zzd
firebase-appindexing;com.google.firebase.appindexing.internal.zze
firebase-appindexing;com.google.firebase.appindexing.internal.zzf$1
firebase-appindexing;com.google.firebase.appindexing.internal.zzf$zza
firebase-appindexing;com.google.firebase.appindexing.internal.zzf$zzb
firebase-appindexing;com.google.firebase.appindexing.internal.zzf
firebase-appindexing;com.google.firebase.appindexing.internal.zzg
firebase-appindexing;com.google.firebase.appindexing.internal.zzh
firebase-appindexing;com.google.firebase.appindexing.internal.zzi
firebase-appindexing;com.google.firebase.appindexing.internal.zzj
firebase-appindexing;com.google.firebase.appindexing.internal.zzk$zza$zza
firebase-appindexing;com.google.firebase.appindexing.internal.zzk$zza
firebase-appindexing;com.google.firebase.appindexing.internal.zzk
firebase-appindexing;com.google.firebase.appindexing.internal.zzl$zza$zza
firebase-appindexing;com.google.firebase.appindexing.internal.zzl$zza
firebase-appindexing;com.google.firebase.appindexing.internal.zzl
firebase-appindexing;com.google.firebase.appindexing.internal.zzm
firebase-appindexing;com.google.firebase.appindexing.internal.zzn
firebase-appindexing;com.google.firebase.appindexing.internal.zzo
firebase-appindexing;com.google.firebase.appindexing.internal.Thing$zza
firebase-appindexing;com.google.firebase.appindexing.internal.Thing
firebase-appindexing;com.google.firebase.appindexing.internal.zzp
firebase-appindexing;com.google.firebase.appindexing.internal.zzq
firebase-appindexing;com.google.firebase.appindexing.internal.zzr
firebase-appindexing;com.google.firebase.appindexing.internal.zzs
firebase-appindexing;com.google.android.gms.appindexing.Action$1
firebase-appindexing;com.google.android.gms.appindexing.Action$Builder
firebase-appindexing;com.google.android.gms.appindexing.Action
firebase-appindexing;com.google.android.gms.appindexing.AndroidAppUri
firebase-appindexing;com.google.android.gms.appindexing.AppIndex
firebase-appindexing;com.google.android.gms.appindexing.AppIndexApi$ActionResult
firebase-appindexing;com.google.android.gms.appindexing.AppIndexApi$AppIndexingLink
firebase-appindexing;com.google.android.gms.appindexing.AppIndexApi
firebase-appindexing;com.google.android.gms.appindexing.Thing$Builder
firebase-appindexing;com.google.android.gms.appindexing.Thing
firebase-appindexing;com.google.android.gms.search.GoogleNowAuthState
firebase-appindexing;com.google.android.gms.search.zza
firebase-appindexing;com.google.android.gms.search.SearchAuth$1
firebase-appindexing;com.google.android.gms.search.SearchAuth$StatusCodes
firebase-appindexing;com.google.android.gms.search.SearchAuth
firebase-appindexing;com.google.android.gms.search.SearchAuthApi$GoogleNowAuthResult
firebase-appindexing;com.google.android.gms.search.SearchAuthApi
firebase-appindexing;com.google.android.gms.internal.zzto$1
firebase-appindexing;com.google.android.gms.internal.zzto
firebase-appindexing;com.google.android.gms.internal.zztp$zza
firebase-appindexing;com.google.android.gms.internal.zztp
firebase-appindexing;com.google.android.gms.internal.zztq
firebase-appindexing;com.google.android.gms.internal.zztr
firebase-appindexing;com.google.android.gms.internal.zzts
firebase-appindexing;com.google.android.gms.internal.zztt
firebase-appindexing;com.google.android.gms.internal.zztu
firebase-appindexing;com.google.android.gms.internal.zztv
firebase-appindexing;com.google.android.gms.internal.zztw
firebase-appindexing;com.google.android.gms.internal.zztx$zza
firebase-appindexing;com.google.android.gms.internal.zztx$zzb
firebase-appindexing;com.google.android.gms.internal.zztx
firebase-appindexing;com.google.android.gms.internal.zzty
firebase-appindexing;com.google.android.gms.internal.zztz
firebase-appindexing;com.google.android.gms.internal.zzua
firebase-appindexing;com.google.android.gms.internal.zzub$zza
firebase-appindexing;com.google.android.gms.internal.zzub
firebase-appindexing;com.google.android.gms.internal.zzuc
firebase-appindexing;com.google.android.gms.internal.zzud$zza
firebase-appindexing;com.google.android.gms.internal.zzud
firebase-appindexing;com.google.android.gms.internal.zzue
firebase-appindexing;com.google.android.gms.internal.zzuf
firebase-appindexing;com.google.android.gms.internal.zzug$zza$zza
firebase-appindexing;com.google.android.gms.internal.zzug$zza
firebase-appindexing;com.google.android.gms.internal.zzug
firebase-appindexing;com.google.android.gms.internal.zzuh$zza$zza
firebase-appindexing;com.google.android.gms.internal.zzuh$zza
firebase-appindexing;com.google.android.gms.internal.zzuh
firebase-appindexing;com.google.android.gms.internal.zzui
firebase-appindexing;com.google.android.gms.internal.zzuj
firebase-appindexing;com.google.android.gms.internal.zzuk
firebase-appindexing;com.google.android.gms.internal.zzul$1
firebase-appindexing;com.google.android.gms.internal.zzul$zza
firebase-appindexing;com.google.android.gms.internal.zzul$zzb
firebase-appindexing;com.google.android.gms.internal.zzul$zzc
firebase-appindexing;com.google.android.gms.internal.zzul$zzd
firebase-appindexing;com.google.android.gms.internal.zzul
firebase-appindexing;com.google.android.gms.internal.zzbad$zza$zza
firebase-appindexing;com.google.android.gms.internal.zzbad$zza
firebase-appindexing;com.google.android.gms.internal.zzbad
firebase-appindexing;com.google.android.gms.internal.zzbae$zza$zza
firebase-appindexing;com.google.android.gms.internal.zzbae$zza
firebase-appindexing;com.google.android.gms.internal.zzbae
firebase-appindexing;com.google.android.gms.internal.zzbaf
firebase-appindexing;com.google.android.gms.internal.zzbag$zza
firebase-appindexing;com.google.android.gms.internal.zzbag$zzb$1
firebase-appindexing;com.google.android.gms.internal.zzbag$zzb
firebase-appindexing;com.google.android.gms.internal.zzbag$zzc$1
firebase-appindexing;com.google.android.gms.internal.zzbag$zzc
firebase-appindexing;com.google.android.gms.internal.zzbag$zzd
firebase-appindexing;com.google.android.gms.internal.zzbag
firebase-appindexing;com.google.android.gms.internal.zzaqn$zza$zza
firebase-appindexing;com.google.android.gms.internal.zzaqn$zza
firebase-appindexing;com.google.android.gms.internal.zzaqn$zzb
firebase-appindexing;com.google.android.gms.internal.zzaqn$zzc
firebase-appindexing;com.google.android.gms.internal.zzaqn$zzd
firebase-appindexing;com.google.android.gms.internal.zzaqn
firebase-appindexing;com.google.android.gms.internal.zzbxx$zza
firebase-appindexing;com.google.android.gms.internal.zzbxx
firebase-database-connection;com.google.firebase.database.connection.idl.zza
firebase-database-connection;com.google.firebase.database.connection.idl.zzb
firebase-database-connection;com.google.firebase.database.connection.idl.zzc$1
firebase-database-connection;com.google.firebase.database.connection.idl.zzc
firebase-database-connection;com.google.firebase.database.connection.idl.zzd
firebase-database-connection;com.google.firebase.database.connection.idl.zze$1
firebase-database-connection;com.google.firebase.database.connection.idl.zze$2
firebase-database-connection;com.google.firebase.database.connection.idl.zze
firebase-database-connection;com.google.firebase.database.connection.idl.zzf
firebase-database-connection;com.google.firebase.database.connection.idl.zzg
firebase-database-connection;com.google.firebase.database.connection.idl.zzh$zza$zza
firebase-database-connection;com.google.firebase.database.connection.idl.zzh$zza
firebase-database-connection;com.google.firebase.database.connection.idl.zzh
firebase-database-connection;com.google.firebase.database.connection.idl.zzi$zza$zza
firebase-database-connection;com.google.firebase.database.connection.idl.zzi$zza
firebase-database-connection;com.google.firebase.database.connection.idl.zzi
firebase-database-connection;com.google.firebase.database.connection.idl.zzj$zza$zza
firebase-database-connection;com.google.firebase.database.connection.idl.zzj$zza
firebase-database-connection;com.google.firebase.database.connection.idl.zzj
firebase-database-connection;com.google.firebase.database.connection.idl.zzk$zza$zza
firebase-database-connection;com.google.firebase.database.connection.idl.zzk$zza
firebase-database-connection;com.google.firebase.database.connection.idl.zzk
firebase-database-connection;com.google.firebase.database.connection.idl.zzl$zza$zza
firebase-database-connection;com.google.firebase.database.connection.idl.zzl$zza
firebase-database-connection;com.google.firebase.database.connection.idl.zzl
firebase-database-connection;com.google.firebase.database.connection.idl.IPersistentConnectionImpl$1
firebase-database-connection;com.google.firebase.database.connection.idl.IPersistentConnectionImpl$2
firebase-database-connection;com.google.firebase.database.connection.idl.IPersistentConnectionImpl$3
firebase-database-connection;com.google.firebase.database.connection.idl.IPersistentConnectionImpl$4
firebase-database-connection;com.google.firebase.database.connection.idl.IPersistentConnectionImpl$5$1
firebase-database-connection;com.google.firebase.database.connection.idl.IPersistentConnectionImpl$5
firebase-database-connection;com.google.firebase.database.connection.idl.IPersistentConnectionImpl$6$1
firebase-database-connection;com.google.firebase.database.connection.idl.IPersistentConnectionImpl$6
firebase-database-connection;com.google.firebase.database.connection.idl.IPersistentConnectionImpl
firebase-database-connection;com.google.firebase.database.connection.idl.zzm$zza$zza
firebase-database-connection;com.google.firebase.database.connection.idl.zzm$zza
firebase-database-connection;com.google.firebase.database.connection.idl.zzm
firebase-database-connection;com.google.firebase.database.connection.idl.zzn
firebase-database-connection;com.google.firebase.database.connection.idl.zzo
firebase-database-connection;com.google.android.gms.internal.zzboi
firebase-database-connection;com.google.android.gms.internal.zzboj$zza
firebase-database-connection;com.google.android.gms.internal.zzboj$zzb
firebase-database-connection;com.google.android.gms.internal.zzboj$zzc
firebase-database-connection;com.google.android.gms.internal.zzboj
firebase-database-connection;com.google.android.gms.internal.zzbok$zza
firebase-database-connection;com.google.android.gms.internal.zzbok
firebase-database-connection;com.google.android.gms.internal.zzbol
firebase-database-connection;com.google.android.gms.internal.zzbom
firebase-database-connection;com.google.android.gms.internal.zzbon
firebase-database-connection;com.google.android.gms.internal.zzboo
firebase-database-connection;com.google.android.gms.internal.zzbop$zza
firebase-database-connection;com.google.android.gms.internal.zzbop
firebase-database-connection;com.google.android.gms.internal.zzboq$1$1
firebase-database-connection;com.google.android.gms.internal.zzboq$1
firebase-database-connection;com.google.android.gms.internal.zzboq$2
firebase-database-connection;com.google.android.gms.internal.zzboq$3
firebase-database-connection;com.google.android.gms.internal.zzboq$4
firebase-database-connection;com.google.android.gms.internal.zzboq$5
firebase-database-connection;com.google.android.gms.internal.zzboq$6
firebase-database-connection;com.google.android.gms.internal.zzboq$7
firebase-database-connection;com.google.android.gms.internal.zzboq$zza
firebase-database-connection;com.google.android.gms.internal.zzboq$zzb
firebase-database-connection;com.google.android.gms.internal.zzboq$zzc
firebase-database-connection;com.google.android.gms.internal.zzboq$zzd
firebase-database-connection;com.google.android.gms.internal.zzboq$zze
firebase-database-connection;com.google.android.gms.internal.zzboq$zzf
firebase-database-connection;com.google.android.gms.internal.zzboq
firebase-database-connection;com.google.android.gms.internal.zzbor
firebase-database-connection;com.google.android.gms.internal.zzbos
firebase-database-connection;com.google.android.gms.internal.zzbot$1
firebase-database-connection;com.google.android.gms.internal.zzbot$2
firebase-database-connection;com.google.android.gms.internal.zzbot$zza
firebase-database-connection;com.google.android.gms.internal.zzbot$zzb
firebase-database-connection;com.google.android.gms.internal.zzbot$zzc$1
firebase-database-connection;com.google.android.gms.internal.zzbot$zzc$2
firebase-database-connection;com.google.android.gms.internal.zzbot$zzc$3
firebase-database-connection;com.google.android.gms.internal.zzbot$zzc$4
firebase-database-connection;com.google.android.gms.internal.zzbot$zzc
firebase-database-connection;com.google.android.gms.internal.zzbot
firebase-database-connection;com.google.android.gms.internal.zzbou$1
firebase-database-connection;com.google.android.gms.internal.zzbou$zza
firebase-database-connection;com.google.android.gms.internal.zzbou
firebase-database-connection;com.google.android.gms.internal.zzbov
firebase-database-connection;com.google.android.gms.internal.zzbrl
firebase-database-connection;com.google.android.gms.internal.zzbrm$1
firebase-database-connection;com.google.android.gms.internal.zzbrm
firebase-database-connection;com.google.android.gms.internal.zzbrn
firebase-database-connection;com.google.android.gms.internal.zzbro$zza
firebase-database-connection;com.google.android.gms.internal.zzbro
firebase-database-connection;com.google.android.gms.internal.zzbsk$zza
firebase-database-connection;com.google.android.gms.internal.zzbsk$zzb
firebase-database-connection;com.google.android.gms.internal.zzbsk$zzc$1
firebase-database-connection;com.google.android.gms.internal.zzbsk$zzc$2
firebase-database-connection;com.google.android.gms.internal.zzbsk$zzc
firebase-database-connection;com.google.android.gms.internal.zzbsk
firebase-database-connection;com.google.android.gms.internal.zzbsl
firebase-database-connection;com.google.android.gms.internal.zzbsm$1
firebase-database-connection;com.google.android.gms.internal.zzbsm$2
firebase-database-connection;com.google.android.gms.internal.zzbsm$3
firebase-database-connection;com.google.android.gms.internal.zzbsm$zza
firebase-database-connection;com.google.android.gms.internal.zzbsm
firebase-database-connection;com.google.android.gms.internal.zzbsn
firebase-database-connection;com.google.android.gms.internal.zzbso
firebase-database-connection;com.google.android.gms.internal.zzbsp
firebase-database-connection;com.google.android.gms.internal.zzbsq
firebase-database-connection;com.google.android.gms.internal.zzbsr
firebase-database-connection;com.google.android.gms.internal.zzbss$1
firebase-database-connection;com.google.android.gms.internal.zzbss
firebase-database-connection;com.google.android.gms.internal.zzbst
firebase-database-connection;com.google.android.gms.internal.zzbsu
firebase-database-connection;com.google.android.gms.internal.zzbsv
firebase-database-connection;com.google.android.gms.dynamite.descriptors.com.google.android.gms.firebase_database.ModuleDescriptor
firebase-config;com.google.firebase.remoteconfig.FirebaseRemoteConfig$1
firebase-config;com.google.firebase.remoteconfig.FirebaseRemoteConfig
firebase-config;com.google.firebase.remoteconfig.FirebaseRemoteConfigException
firebase-config;com.google.firebase.remoteconfig.FirebaseRemoteConfigFetchException
firebase-config;com.google.firebase.remoteconfig.FirebaseRemoteConfigFetchThrottledException
firebase-config;com.google.firebase.remoteconfig.FirebaseRemoteConfigInfo
firebase-config;com.google.firebase.remoteconfig.FirebaseRemoteConfigSettings$1
firebase-config;com.google.firebase.remoteconfig.FirebaseRemoteConfigSettings$Builder
firebase-config;com.google.firebase.remoteconfig.FirebaseRemoteConfigSettings
firebase-config;com.google.firebase.remoteconfig.FirebaseRemoteConfigValue
firebase-config;com.google.android.gms.internal.zzblp
firebase-config;com.google.android.gms.internal.zzblq
firebase-config;com.google.android.gms.internal.zzbtl
firebase-config;com.google.android.gms.internal.zzbtm
firebase-config;com.google.android.gms.internal.zzbtn
firebase-config;com.google.android.gms.internal.zzbto
firebase-config;com.google.android.gms.internal.zzbtp
firebase-config;com.google.android.gms.internal.zzbtq
firebase-config;com.google.android.gms.internal.zzbtr
firebase-config;com.google.android.gms.internal.zzbts$zza
firebase-config;com.google.android.gms.internal.zzbts$zzb
firebase-config;com.google.android.gms.internal.zzbts$zzc
firebase-config;com.google.android.gms.internal.zzbts$zzd
firebase-config;com.google.android.gms.internal.zzbts$zze
firebase-config;com.google.android.gms.internal.zzbts$zzf
firebase-config;com.google.android.gms.internal.zzbts
firebase-config;com.google.android.gms.internal.zzadh$1
firebase-config;com.google.android.gms.internal.zzadh
firebase-config;com.google.android.gms.internal.zzadi$1
firebase-config;com.google.android.gms.internal.zzadi$zza$zza
firebase-config;com.google.android.gms.internal.zzadi$zza
firebase-config;com.google.android.gms.internal.zzadi$zzb
firebase-config;com.google.android.gms.internal.zzadi
firebase-config;com.google.android.gms.internal.zzadj
firebase-config;com.google.android.gms.internal.zzadk
firebase-config;com.google.android.gms.internal.zzadl
firebase-config;com.google.android.gms.internal.zzadm
firebase-config;com.google.android.gms.internal.zzadn$1
firebase-config;com.google.android.gms.internal.zzadn$zza
firebase-config;com.google.android.gms.internal.zzadn$zzb
firebase-config;com.google.android.gms.internal.zzadn$zzc$1
firebase-config;com.google.android.gms.internal.zzadn$zzc
firebase-config;com.google.android.gms.internal.zzadn$zzd
firebase-config;com.google.android.gms.internal.zzadn
firebase-config;com.google.android.gms.internal.zzado
firebase-config;com.google.android.gms.internal.zzadp
firebase-config;com.google.android.gms.internal.zzadq
firebase-config;com.google.android.gms.internal.zzadr
firebase-config;com.google.android.gms.internal.zzads
firebase-config;com.google.android.gms.internal.zzadt
firebase-config;com.google.android.gms.internal.zzadu
firebase-config;com.google.android.gms.internal.zzadv
firebase-config;com.google.android.gms.internal.zzadw
firebase-config;com.google.android.gms.internal.zzadx
firebase-config;com.google.android.gms.internal.zzady$zza$zza
firebase-config;com.google.android.gms.internal.zzady$zza
firebase-config;com.google.android.gms.internal.zzady
firebase-config;com.google.android.gms.internal.zzadz$zza$zza
firebase-config;com.google.android.gms.internal.zzadz$zza
firebase-config;com.google.android.gms.internal.zzadz
firebase-config;com.google.android.gms.internal.zzaea
firebase-config;com.google.android.gms.internal.zzaeb
firebase-storage-common;com.google.android.gms.internal.zzbtw
firebase-storage-common;com.google.android.gms.internal.zzbub$zza$zza
firebase-storage-common;com.google.android.gms.internal.zzbub$zza
firebase-storage-common;com.google.android.gms.internal.zzbub
firebase-storage-common;com.google.android.gms.internal.zzbuc$zza$zza
firebase-storage-common;com.google.android.gms.internal.zzbuc$zza
firebase-storage-common;com.google.android.gms.internal.zzbuc
