play-services;com.google.android.gms.location.ActivityRecognitionResult
play-services;com.google.android.gms.internal.ca$a$a
play-services;com.google.android.gms.location.DetectedActivity
play-services;com.google.android.gms.location.Geofence$Builder
play-services;com.google.android.gms.location.LocationClient$OnAddGeofencesResultListener
play-services;com.google.android.gms.location.ActivityRecognitionResultCreator
play-services;com.google.android.gms.location.LocationClient
play-services;com.google.android.gms.location.LocationRequest
play-services;com.google.android.gms.location.LocationClient$OnRemoveGeofencesResultListener
play-services;com.google.android.gms.location.LocationListener
play-services;com.google.android.gms.location.LocationRequestCreator
play-services;com.google.android.gms.location.ActivityRecognitionClient
play-services;com.google.android.gms.internal.cb$a$a
play-services;com.google.android.gms.internal.cc$a$a
play-services;com.google.android.gms.internal.cc$a
play-services;com.google.android.gms.internal.cg
play-services;com.google.android.gms.internal.ce$c
play-services;com.google.android.gms.internal.cb$a
play-services;com.google.android.gms.internal.ce$1
play-services;com.google.android.gms.internal.cd
play-services;com.google.android.gms.internal.ch
play-services;com.google.android.gms.internal.cd$b
play-services;com.google.android.gms.internal.ce$b
play-services;com.google.android.gms.internal.cf
play-services;com.google.android.gms.internal.cd$a
play-services;com.google.android.gms.internal.ce$d
play-services;com.google.android.gms.internal.ce$a
play-services;com.google.android.gms.internal.cc
play-services;com.google.android.gms.internal.ce
play-services;com.google.android.gms.internal.cb
play-services;com.google.android.gms.internal.ca$a
play-services;com.google.android.gms.location.LocationStatusCodes
play-services;com.google.android.gms.internal.ca
play-services;com.google.android.gms.location.DetectedActivityCreator
play-services;com.google.android.gms.location.Geofence
play-services;com.google.android.gms.gcm.GoogleCloudMessaging
play-services;com.google.android.gms.gcm.GoogleCloudMessaging$1
play-services;com.google.android.gms.internal.bb
play-services;com.google.android.gms.internal.bb$6
play-services;com.google.android.gms.internal.bb$1
play-services;com.google.android.gms.internal.be
play-services;com.google.android.gms.dynamic.LifecycleDelegate
play-services;com.google.android.gms.internal.bc
play-services;com.google.android.gms.internal.bb$2
play-services;com.google.android.gms.internal.bb$3
play-services;com.google.android.gms.internal.bc$a
play-services;com.google.android.gms.internal.bb$4
play-services;com.google.android.gms.internal.bb$a
play-services;com.google.android.gms.internal.bc$a$a
play-services;com.google.android.gms.internal.bb$5
play-services;com.google.android.gms.internal.bd
play-services;com.google.android.gms.appstate.AppState
play-services;com.google.android.gms.appstate.OnSignOutCompleteListener
play-services;com.google.android.gms.appstate.AppStateClient$Builder
play-services;com.google.android.gms.internal.b
play-services;com.google.android.gms.internal.c
play-services;com.google.android.gms.appstate.AppStateClient
play-services;com.google.android.gms.appstate.OnStateLoadedListener
play-services;com.google.android.gms.appstate.AppStateBuffer
play-services;com.google.android.gms.internal.e$a
play-services;com.google.android.gms.internal.f$a$a
play-services;com.google.android.gms.internal.e
play-services;com.google.android.gms.internal.d
play-services;com.google.android.gms.internal.e$c
play-services;com.google.android.gms.internal.g$a
play-services;com.google.android.gms.internal.g
play-services;com.google.android.gms.internal.f
play-services;com.google.android.gms.internal.e$f
play-services;com.google.android.gms.internal.g$a$a
play-services;com.google.android.gms.internal.f$a
play-services;com.google.android.gms.internal.e$b
play-services;com.google.android.gms.internal.e$e
play-services;com.google.android.gms.internal.e$h
play-services;com.google.android.gms.internal.e$d
play-services;com.google.android.gms.internal.e$g
play-services;com.google.android.gms.appstate.OnStateListLoadedListener
play-services;com.google.android.gms.appstate.AppStateClient$1
play-services;com.google.android.gms.appstate.OnStateDeletedListener
play-services;com.google.android.gms.panorama.PanoramaClient$a
play-services;com.google.android.gms.panorama.PanoramaClient$OnPanoramaInfoLoadedListener
play-services;com.google.android.gms.panorama.PanoramaClient
play-services;com.google.android.gms.internal.dr$a$a
play-services;com.google.android.gms.internal.dq$a$a
play-services;com.google.android.gms.internal.dq
play-services;com.google.android.gms.internal.ds$a
play-services;com.google.android.gms.internal.dr
play-services;com.google.android.gms.internal.dq$a
play-services;com.google.android.gms.internal.ds$c
play-services;com.google.android.gms.internal.ds
play-services;com.google.android.gms.internal.ds$b
play-services;com.google.android.gms.internal.dr$a
play-services;com.google.android.gms.plus.PlusShare$Builder
play-services;com.google.android.gms.plus.PlusClient$OnAccessRevokedListener
play-services;com.google.android.gms.plus.PlusOneButton
play-services;com.google.android.gms.plus.PlusOneButton$OnPlusOneClickListener
play-services;com.google.android.gms.plus.PlusClient$a
play-services;com.google.android.gms.plus.PlusShare
play-services;com.google.android.gms.plus.PlusClient
play-services;com.google.android.gms.plus.PlusClient$Builder
play-services;com.google.android.gms.plus.GooglePlusUtil
play-services;com.google.android.gms.plus.PlusClient$b
play-services;com.google.android.gms.plus.PlusClient$OnMomentsLoadedListener
play-services;com.google.android.gms.internal.dt$a
play-services;com.google.android.gms.internal.dt
play-services;com.google.android.gms.internal.du
play-services;com.google.android.gms.plus.PlusClient$OnPersonLoadedListener
play-services;com.google.android.gms.internal.dy$g
play-services;com.google.android.gms.internal.dz
play-services;com.google.android.gms.internal.dv
play-services;com.google.android.gms.internal.dy$l
play-services;com.google.android.gms.internal.dy$i
play-services;com.google.android.gms.internal.dy$c
play-services;com.google.android.gms.internal.dy$e
play-services;com.google.android.gms.internal.dz$a
play-services;com.google.android.gms.internal.dx$a$a
play-services;com.google.android.gms.internal.dw
play-services;com.google.android.gms.internal.dy$a
play-services;com.google.android.gms.internal.dz$c
play-services;com.google.android.gms.internal.dy$b
play-services;com.google.android.gms.internal.dx$a
play-services;com.google.android.gms.internal.dy$d
play-services;com.google.android.gms.internal.dy$h
play-services;com.google.android.gms.internal.dx
play-services;com.google.android.gms.internal.dy$m
play-services;com.google.android.gms.internal.dw$a$a
play-services;com.google.android.gms.internal.dy
play-services;com.google.android.gms.internal.dy$k
play-services;com.google.android.gms.internal.dy$f
play-services;com.google.android.gms.internal.eb
play-services;com.google.android.gms.internal.ec
play-services;com.google.android.gms.internal.eq$b
play-services;com.google.android.gms.internal.eq$i
play-services;com.google.android.gms.internal.eq$b$a
play-services;com.google.android.gms.internal.es
play-services;com.google.android.gms.internal.el
play-services;com.google.android.gms.internal.eq$g
play-services;com.google.android.gms.internal.eq$c
play-services;com.google.android.gms.internal.er
play-services;com.google.android.gms.internal.eq
play-services;com.google.android.gms.internal.eq$e
play-services;com.google.android.gms.internal.ej
play-services;com.google.android.gms.internal.eq$f
play-services;com.google.android.gms.internal.eq$b$b
play-services;com.google.android.gms.internal.eq$a
play-services;com.google.android.gms.internal.em
play-services;com.google.android.gms.internal.ep
play-services;com.google.android.gms.internal.ek
play-services;com.google.android.gms.internal.en
play-services;com.google.android.gms.internal.eo
play-services;com.google.android.gms.internal.ei
play-services;com.google.android.gms.internal.eq$h
play-services;com.google.android.gms.internal.eu
play-services;com.google.android.gms.internal.et
play-services;com.google.android.gms.internal.eq$d
play-services;com.google.android.gms.internal.eh
play-services;com.google.android.gms.internal.ef
play-services;com.google.android.gms.internal.ee
play-services;com.google.android.gms.internal.ed
play-services;com.google.android.gms.internal.eg
play-services;com.google.android.gms.internal.ea
play-services;com.google.android.gms.internal.dz$b
play-services;com.google.android.gms.internal.dw$a
play-services;com.google.android.gms.internal.dy$j
play-services;com.google.android.gms.plus.PlusClient$OnPeopleLoadedListener
play-services;com.google.android.gms.plus.model.people.Person$Cover$CoverInfo
play-services;com.google.android.gms.plus.model.people.Person$Urls$Type
play-services;com.google.android.gms.plus.model.people.Person$Image
play-services;com.google.android.gms.plus.model.people.Person$Organizations$Type
play-services;com.google.android.gms.plus.model.people.Person
play-services;com.google.android.gms.plus.model.people.Person$PlacesLived
play-services;com.google.android.gms.plus.model.people.Person$Urls
play-services;com.google.android.gms.plus.model.people.Person$Emails
play-services;com.google.android.gms.plus.model.people.Person$AgeRange
play-services;com.google.android.gms.plus.model.people.Person$Cover$CoverPhoto
play-services;com.google.android.gms.plus.model.people.Person$Collection
play-services;com.google.android.gms.plus.model.people.Person$Gender
play-services;com.google.android.gms.plus.model.people.Person$OrderBy
play-services;com.google.android.gms.plus.model.people.Person$Organizations
play-services;com.google.android.gms.plus.model.people.Person$Emails$Type
play-services;com.google.android.gms.plus.model.people.PersonBuffer
play-services;com.google.android.gms.plus.model.people.Person$Name
play-services;com.google.android.gms.plus.model.people.Person$Cover$Layout
play-services;com.google.android.gms.plus.model.people.Person$Cover
play-services;com.google.android.gms.plus.model.people.Person$ObjectType
play-services;com.google.android.gms.plus.model.people.Person$RelationshipStatus
play-services;com.google.android.gms.plus.model.moments.MomentBuffer
play-services;com.google.android.gms.plus.model.moments.Moment$Builder
play-services;com.google.android.gms.plus.model.moments.Moment
play-services;com.google.android.gms.plus.model.moments.ItemScope$Builder
play-services;com.google.android.gms.plus.model.moments.ItemScope
play-services;com.google.android.gms.common.GooglePlayServicesClient
play-services;com.google.android.gms.common.Scopes
play-services;com.google.android.gms.internal.am
play-services;com.google.android.gms.internal.ak
play-services;com.google.android.gms.internal.ak$a
play-services;com.google.android.gms.internal.aj
play-services;com.google.android.gms.internal.ai
play-services;com.google.android.gms.internal.al
play-services;com.google.android.gms.internal.an$a
play-services;com.google.android.gms.internal.ap
play-services;com.google.android.gms.internal.ar
play-services;com.google.android.gms.internal.aq$a
play-services;com.google.android.gms.internal.at
play-services;com.google.android.gms.internal.aq$b
play-services;com.google.android.gms.internal.aq
play-services;com.google.android.gms.internal.ao
play-services;com.google.android.gms.internal.an$b
play-services;com.google.android.gms.internal.an
play-services;com.google.android.gms.internal.as
play-services;com.google.android.gms.internal.au
play-services;com.google.android.gms.internal.ax
play-services;com.google.android.gms.internal.av
play-services;com.google.android.gms.internal.ba
play-services;com.google.android.gms.internal.az
play-services;com.google.android.gms.internal.ay
play-services;com.google.android.gms.internal.aw
play-services;com.google.android.gms.common.GooglePlayServicesClient$OnConnectionFailedListener
play-services;com.google.android.gms.common.GooglePlayServicesNotAvailableException
play-services;com.google.android.gms.common.SignInButton
play-services;com.google.android.gms.common.ConnectionResult
play-services;com.google.android.gms.common.data.DataBufferUtils
play-services;com.google.android.gms.common.data.DataBuffer
play-services;com.google.android.gms.internal.l
play-services;com.google.android.gms.internal.i
play-services;com.google.android.gms.common.data.Freezable
play-services;com.google.android.gms.internal.k$1
play-services;com.google.android.gms.internal.k
play-services;com.google.android.gms.internal.j
play-services;com.google.android.gms.internal.k$a
play-services;com.google.android.gms.internal.m
play-services;com.google.android.gms.common.AccountPicker
play-services;com.google.android.gms.common.images.ImageManager
play-services;com.google.android.gms.common.images.ImageManager$1
play-services;com.google.android.gms.common.images.ImageManager$b
play-services;com.google.android.gms.common.images.ImageManager$a
play-services;com.google.android.gms.common.images.ImageManager$OnImageLoadedListener
play-services;com.google.android.gms.common.images.ImageManager$e
play-services;com.google.android.gms.common.images.ImageManager$c
play-services;com.google.android.gms.common.images.ImageManager$d
play-services;com.google.android.gms.internal.t$a
play-services;com.google.android.gms.internal.af
play-services;com.google.android.gms.internal.q$a$a
play-services;com.google.android.gms.internal.w
play-services;com.google.android.gms.internal.ae
play-services;com.google.android.gms.internal.ac
play-services;com.google.android.gms.internal.ac$a
play-services;com.google.android.gms.internal.ad
play-services;com.google.android.gms.internal.v$a$a
play-services;com.google.android.gms.internal.q
play-services;com.google.android.gms.internal.p$f
play-services;com.google.android.gms.internal.x
play-services;com.google.android.gms.internal.n
play-services;com.google.android.gms.internal.t
play-services;com.google.android.gms.internal.r
play-services;com.google.android.gms.internal.p$a
play-services;com.google.android.gms.internal.p$e
play-services;com.google.android.gms.internal.u$a$a
play-services;com.google.android.gms.internal.v$a
play-services;com.google.android.gms.internal.u$a
play-services;com.google.android.gms.internal.u
play-services;com.google.android.gms.internal.p
play-services;com.google.android.gms.internal.s
play-services;com.google.android.gms.internal.q$a
play-services;com.google.android.gms.internal.z
play-services;com.google.android.gms.internal.p$d
play-services;com.google.android.gms.internal.aa
play-services;com.google.android.gms.internal.ab
play-services;com.google.android.gms.internal.y
play-services;com.google.android.gms.internal.p$b
play-services;com.google.android.gms.internal.z$a
play-services;com.google.android.gms.internal.t$a$a
play-services;com.google.android.gms.internal.o
play-services;com.google.android.gms.internal.v
play-services;com.google.android.gms.internal.p$c
play-services;com.google.android.gms.internal.w$1
play-services;com.google.android.gms.internal.w$a
play-services;com.google.android.gms.internal.ag
play-services;com.google.android.gms.internal.ah
play-services;com.google.android.gms.common.GooglePlayServicesUtil
play-services;com.google.android.gms.common.GooglePlayServicesClient$ConnectionCallbacks
play-services;com.google.android.gms.auth.UserRecoverableAuthException
play-services;com.google.android.gms.internal.h
play-services;com.google.android.gms.auth.UserRecoverableNotifiedException
play-services;com.google.android.gms.auth.GooglePlayServicesAvailabilityException
play-services;com.google.android.gms.auth.GoogleAuthUtil
play-services;com.google.android.gms.auth.GoogleAuthException
play-services;com.google.android.gms.maps.MapView$a
play-services;com.google.android.gms.maps.GoogleMap$1$1
play-services;com.google.android.gms.maps.MapsInitializer
play-services;com.google.android.gms.maps.MapView$b
play-services;com.google.android.gms.maps.GoogleMap$1
play-services;com.google.android.gms.maps.MapView
play-services;com.google.android.gms.maps.GoogleMap$OnMarkerDragListener
play-services;com.google.android.gms.maps.MapFragment$b
play-services;com.google.android.gms.maps.GoogleMap$OnMarkerClickListener
play-services;com.google.android.gms.maps.Projection
play-services;com.google.android.gms.maps.GoogleMap$OnMyLocationChangeListener
play-services;com.google.android.gms.maps.GoogleMap$8
play-services;com.google.android.gms.maps.GoogleMap
play-services;com.google.android.gms.maps.LocationSource
play-services;com.google.android.gms.maps.GoogleMap$OnCameraChangeListener
play-services;com.google.android.gms.maps.CameraUpdateFactory
play-services;com.google.android.gms.maps.MapFragment$a
play-services;com.google.android.gms.maps.GoogleMap$OnMapLongClickListener
play-services;com.google.android.gms.maps.GoogleMap$9
play-services;com.google.android.gms.maps.GoogleMap$3
play-services;com.google.android.gms.maps.GoogleMap$6
play-services;com.google.android.gms.maps.GoogleMap$CancelableCallback
play-services;com.google.android.gms.maps.SupportMapFragment$b
play-services;com.google.android.gms.maps.GoogleMapOptions
play-services;com.google.android.gms.maps.CameraUpdate
play-services;com.google.android.gms.maps.MapFragment
play-services;com.google.android.gms.maps.GoogleMap$InfoWindowAdapter
play-services;com.google.android.gms.maps.SupportMapFragment$a
play-services;com.google.android.gms.maps.GoogleMap$7
play-services;com.google.android.gms.maps.GoogleMap$OnInfoWindowClickListener
play-services;com.google.android.gms.maps.SupportMapFragment
play-services;com.google.android.gms.maps.UiSettings
play-services;com.google.android.gms.maps.GoogleMap$a
play-services;com.google.android.gms.internal.co
play-services;com.google.android.gms.internal.cu$a$a
play-services;com.google.android.gms.maps.internal.IProjectionDelegate
play-services;com.google.android.gms.internal.cq
play-services;com.google.android.gms.internal.cp
play-services;com.google.android.gms.maps.internal.IProjectionDelegate$a
play-services;com.google.android.gms.internal.cl$a$a
play-services;com.google.android.gms.internal.cp$a$a
play-services;com.google.android.gms.internal.cu
play-services;com.google.android.gms.maps.internal.ILocationSourceDelegate$a
play-services;com.google.android.gms.internal.cl$a
play-services;com.google.android.gms.internal.ct$a
play-services;com.google.android.gms.internal.ct$a$a
play-services;com.google.android.gms.internal.cm$a
play-services;com.google.android.gms.internal.cn$a$a
play-services;com.google.android.gms.maps.internal.IGoogleMapDelegate$a$a
play-services;com.google.android.gms.internal.cw
play-services;com.google.android.gms.internal.cm$a$a
play-services;com.google.android.gms.maps.internal.IMapViewDelegate
play-services;com.google.android.gms.maps.internal.IProjectionDelegate$a$a
play-services;com.google.android.gms.maps.internal.IMapViewDelegate$a$a
play-services;com.google.android.gms.internal.ck$a$a
play-services;com.google.android.gms.maps.internal.IGoogleMapDelegate
play-services;com.google.android.gms.maps.internal.IMapFragmentDelegate$a$a
play-services;com.google.android.gms.maps.internal.ILocationSourceDelegate
play-services;com.google.android.gms.maps.internal.IUiSettingsDelegate$a$a
play-services;com.google.android.gms.maps.internal.IGoogleMapDelegate$a
play-services;com.google.android.gms.internal.ck
play-services;com.google.android.gms.maps.internal.IMapViewDelegate$a
play-services;com.google.android.gms.internal.cp$a
play-services;com.google.android.gms.internal.cr$a$a
play-services;com.google.android.gms.maps.internal.IUiSettingsDelegate$a
play-services;com.google.android.gms.internal.cs$a$a
play-services;com.google.android.gms.maps.internal.ILocationSourceDelegate$a$a
play-services;com.google.android.gms.maps.internal.IMapFragmentDelegate$a
play-services;com.google.android.gms.maps.internal.ICameraUpdateFactoryDelegate
play-services;com.google.android.gms.internal.ct
play-services;com.google.android.gms.internal.cn$a
play-services;com.google.android.gms.maps.internal.ICameraUpdateFactoryDelegate$a
play-services;com.google.android.gms.internal.cs
play-services;com.google.android.gms.internal.cq$a$a
play-services;com.google.android.gms.internal.cj
play-services;com.google.android.gms.internal.co$a
play-services;com.google.android.gms.internal.cr$a
play-services;com.google.android.gms.internal.cn
play-services;com.google.android.gms.internal.ck$a
play-services;com.google.android.gms.internal.cs$a
play-services;com.google.android.gms.maps.internal.IMapFragmentDelegate
play-services;com.google.android.gms.internal.cr
play-services;com.google.android.gms.maps.internal.ICameraUpdateFactoryDelegate$a$a
play-services;com.google.android.gms.maps.internal.IUiSettingsDelegate
play-services;com.google.android.gms.internal.cl
play-services;com.google.android.gms.internal.cx
play-services;com.google.android.gms.internal.cq$a
play-services;com.google.android.gms.internal.cm
play-services;com.google.android.gms.internal.co$a$a
play-services;com.google.android.gms.internal.cv
play-services;com.google.android.gms.internal.cu$a
play-services;com.google.android.gms.maps.GoogleMap$2
play-services;com.google.android.gms.maps.GoogleMap$OnMapClickListener
play-services;com.google.android.gms.maps.GoogleMap$4
play-services;com.google.android.gms.maps.GoogleMap$5
play-services;com.google.android.gms.maps.model.MarkerOptionsCreator
play-services;com.google.android.gms.maps.model.CameraPosition$Builder
play-services;com.google.android.gms.maps.model.PolylineOptionsCreator
play-services;com.google.android.gms.maps.model.BitmapDescriptorFactory
play-services;com.google.android.gms.maps.model.Polyline
play-services;com.google.android.gms.internal.dd
play-services;com.google.android.gms.maps.model.GroundOverlayOptionsCreator
play-services;com.google.android.gms.maps.model.TileOverlay
play-services;com.google.android.gms.maps.model.UrlTileProvider
play-services;com.google.android.gms.internal.de
play-services;com.google.android.gms.maps.model.TileOverlayOptions$1
play-services;com.google.android.gms.maps.model.TileCreator
play-services;com.google.android.gms.maps.model.GroundOverlay
play-services;com.google.android.gms.maps.model.LatLngCreator
play-services;com.google.android.gms.maps.model.Polygon
play-services;com.google.android.gms.maps.model.VisibleRegion
play-services;com.google.android.gms.internal.dg
play-services;com.google.android.gms.maps.model.CameraPosition
play-services;com.google.android.gms.maps.model.Marker
play-services;com.google.android.gms.maps.model.CameraPositionCreator
play-services;com.google.android.gms.maps.model.PolygonOptionsCreator
play-services;com.google.android.gms.maps.model.VisibleRegionCreator
play-services;com.google.android.gms.maps.model.RuntimeRemoteException
play-services;com.google.android.gms.internal.dc
play-services;com.google.android.gms.maps.model.MarkerOptions
play-services;com.google.android.gms.maps.model.CircleOptions
play-services;com.google.android.gms.internal.dh
play-services;com.google.android.gms.internal.di
play-services;com.google.android.gms.maps.model.BitmapDescriptor
play-services;com.google.android.gms.internal.df
play-services;com.google.android.gms.maps.model.LatLngBounds
play-services;com.google.android.gms.maps.model.TileProvider
play-services;com.google.android.gms.maps.model.TileOverlayOptions$2
play-services;com.google.android.gms.maps.model.LatLngBounds$Builder
play-services;com.google.android.gms.maps.model.Tile
play-services;com.google.android.gms.maps.model.PolygonOptions
play-services;com.google.android.gms.internal.da
play-services;com.google.android.gms.maps.model.TileOverlayOptionsCreator
play-services;com.google.android.gms.maps.model.Circle
play-services;com.google.android.gms.internal.cy
play-services;com.google.android.gms.internal.db
play-services;com.google.android.gms.maps.model.LatLng
play-services;com.google.android.gms.internal.dl
play-services;com.google.android.gms.internal.dn$a
play-services;com.google.android.gms.internal.dm
play-services;com.google.android.gms.internal.do$a$a
play-services;com.google.android.gms.internal.dp$a
play-services;com.google.android.gms.internal.dm$a
play-services;com.google.android.gms.internal.dj$a
play-services;com.google.android.gms.internal.dl$a$a
play-services;com.google.android.gms.maps.model.internal.IPolylineDelegate$a$a
play-services;com.google.android.gms.internal.do
play-services;com.google.android.gms.internal.dn$a$a
play-services;com.google.android.gms.internal.dk$a
play-services;com.google.android.gms.internal.dm$a$a
play-services;com.google.android.gms.internal.dj$a$a
play-services;com.google.android.gms.maps.model.internal.IPolylineDelegate$a
play-services;com.google.android.gms.internal.dp
play-services;com.google.android.gms.maps.model.internal.IPolylineDelegate
play-services;com.google.android.gms.internal.dj
play-services;com.google.android.gms.internal.dl$a
play-services;com.google.android.gms.internal.do$a
play-services;com.google.android.gms.internal.dk$a$a
play-services;com.google.android.gms.internal.dk
play-services;com.google.android.gms.internal.dn
play-services;com.google.android.gms.internal.dp$a$a
play-services;com.google.android.gms.maps.model.GroundOverlayOptions
play-services;com.google.android.gms.maps.model.TileOverlayOptions
play-services;com.google.android.gms.maps.model.LatLngBoundsCreator
play-services;com.google.android.gms.maps.model.CircleOptionsCreator
play-services;com.google.android.gms.internal.cz
play-services;com.google.android.gms.maps.model.PolylineOptions
play-services;com.google.android.gms.maps.LocationSource$OnLocationChangedListener
play-services;com.google.android.gms.internal.ci
play-services;com.google.android.gms.maps.GoogleMapOptionsCreator
play-services;com.google.android.gms.games.PlayerEntity$1
play-services;com.google.android.gms.games.achievement.OnAchievementsLoadedListener
play-services;com.google.android.gms.games.achievement.Achievement
play-services;com.google.android.gms.games.achievement.OnAchievementUpdatedListener
play-services;com.google.android.gms.internal.bh
play-services;com.google.android.gms.games.achievement.AchievementBuffer
play-services;com.google.android.gms.games.OnSignOutCompleteListener
play-services;com.google.android.gms.games.PlayerBuffer
play-services;com.google.android.gms.games.GamesActivityResultCodes
play-services;com.google.android.gms.games.GameBuffer
play-services;com.google.android.gms.games.OnGamesLoadedListener
play-services;com.google.android.gms.games.PlayerEntity
play-services;com.google.android.gms.games.Game
play-services;com.google.android.gms.games.GamesClient$1
play-services;com.google.android.gms.games.multiplayer.ParticipantEntity$1
play-services;com.google.android.gms.games.multiplayer.Participant
play-services;com.google.android.gms.games.multiplayer.ParticipantUtils
play-services;com.google.android.gms.games.multiplayer.InvitationEntity$1
play-services;com.google.android.gms.games.multiplayer.realtime.RoomUpdateListener
play-services;com.google.android.gms.games.multiplayer.realtime.RealTimeMessageReceivedListener
play-services;com.google.android.gms.games.multiplayer.realtime.RoomEntity
play-services;com.google.android.gms.games.multiplayer.realtime.RealTimeMessage$1
play-services;com.google.android.gms.internal.by
play-services;com.google.android.gms.internal.bz
play-services;com.google.android.gms.games.multiplayer.realtime.RealTimeReliableMessageSentListener
play-services;com.google.android.gms.games.multiplayer.realtime.RoomStatusUpdateListener
play-services;com.google.android.gms.games.multiplayer.realtime.RoomEntity$1
play-services;com.google.android.gms.games.multiplayer.realtime.RoomConfig
play-services;com.google.android.gms.games.multiplayer.realtime.RoomConfig$1
play-services;com.google.android.gms.games.multiplayer.realtime.Room
play-services;com.google.android.gms.games.multiplayer.realtime.RoomConfig$Builder
play-services;com.google.android.gms.games.multiplayer.realtime.RealTimeMessage
play-services;com.google.android.gms.internal.bw
play-services;com.google.android.gms.games.multiplayer.InvitationBuffer
play-services;com.google.android.gms.games.multiplayer.ParticipantBuffer
play-services;com.google.android.gms.games.multiplayer.InvitationEntity
play-services;com.google.android.gms.games.multiplayer.Invitation
play-services;com.google.android.gms.games.multiplayer.OnInvitationsLoadedListener
play-services;com.google.android.gms.games.multiplayer.OnInvitationReceivedListener
play-services;com.google.android.gms.games.multiplayer.Participatable
play-services;com.google.android.gms.internal.bx
play-services;com.google.android.gms.games.multiplayer.ParticipantEntity
play-services;com.google.android.gms.internal.bg
play-services;com.google.android.gms.games.GamesClient$Builder
play-services;com.google.android.gms.games.RealTimeSocket
play-services;com.google.android.gms.games.GameEntity
play-services;com.google.android.gms.internal.bt
play-services;com.google.android.gms.internal.bs
play-services;com.google.android.gms.games.leaderboard.Leaderboard
play-services;com.google.android.gms.games.leaderboard.OnLeaderboardScoresLoadedListener
play-services;com.google.android.gms.games.leaderboard.LeaderboardScoreBuffer
play-services;com.google.android.gms.internal.bv
play-services;com.google.android.gms.games.leaderboard.LeaderboardVariant
play-services;com.google.android.gms.internal.bu
play-services;com.google.android.gms.games.leaderboard.OnScoreSubmittedListener
play-services;com.google.android.gms.internal.br
play-services;com.google.android.gms.games.leaderboard.LeaderboardScore
play-services;com.google.android.gms.games.leaderboard.SubmitScoreResult$Result
play-services;com.google.android.gms.games.leaderboard.OnLeaderboardMetadataLoadedListener
play-services;com.google.android.gms.games.leaderboard.LeaderboardBuffer
play-services;com.google.android.gms.games.leaderboard.SubmitScoreResult
play-services;com.google.android.gms.internal.bf
play-services;com.google.android.gms.internal.bj$ad
play-services;com.google.android.gms.internal.bm$a
play-services;com.google.android.gms.internal.bq
play-services;com.google.android.gms.internal.bp
play-services;com.google.android.gms.internal.bj$y
play-services;com.google.android.gms.internal.bl$a$a
play-services;com.google.android.gms.internal.bj$a
play-services;com.google.android.gms.internal.bj$p
play-services;com.google.android.gms.internal.bm$a$a
play-services;com.google.android.gms.internal.bj$c
play-services;com.google.android.gms.internal.bj$am
play-services;com.google.android.gms.internal.bj$n
play-services;com.google.android.gms.internal.bj$e
play-services;com.google.android.gms.internal.bj$ae
play-services;com.google.android.gms.internal.bj$ap
play-services;com.google.android.gms.internal.bm
play-services;com.google.android.gms.internal.bo
play-services;com.google.android.gms.internal.bj$j
play-services;com.google.android.gms.internal.bn
play-services;com.google.android.gms.internal.bj$ao
play-services;com.google.android.gms.internal.bj
play-services;com.google.android.gms.internal.bj$ab
play-services;com.google.android.gms.internal.bj$af
play-services;com.google.android.gms.internal.bj$ak
play-services;com.google.android.gms.internal.bl$a
play-services;com.google.android.gms.internal.bj$ah
play-services;com.google.android.gms.internal.bk
play-services;com.google.android.gms.internal.bj$k
play-services;com.google.android.gms.internal.bj$m
play-services;com.google.android.gms.internal.bj$al
play-services;com.google.android.gms.internal.bj$f
play-services;com.google.android.gms.internal.bi
play-services;com.google.android.gms.internal.bj$aj
play-services;com.google.android.gms.internal.bj$i
play-services;com.google.android.gms.internal.bj$l
play-services;com.google.android.gms.internal.bj$w
play-services;com.google.android.gms.internal.bn$a
play-services;com.google.android.gms.internal.bj$b
play-services;com.google.android.gms.internal.bj$v
play-services;com.google.android.gms.internal.bj$z
play-services;com.google.android.gms.internal.bj$t
play-services;com.google.android.gms.internal.bj$an
play-services;com.google.android.gms.internal.bj$ac
play-services;com.google.android.gms.internal.bl
play-services;com.google.android.gms.internal.bj$g
play-services;com.google.android.gms.internal.bn$b
play-services;com.google.android.gms.internal.bn$1
play-services;com.google.android.gms.internal.bj$h
play-services;com.google.android.gms.internal.bj$u
play-services;com.google.android.gms.internal.bj$ag
play-services;com.google.android.gms.internal.bj$ai
play-services;com.google.android.gms.internal.bj$d
play-services;com.google.android.gms.internal.bj$aa
play-services;com.google.android.gms.internal.bj$q
play-services;com.google.android.gms.internal.bj$x
play-services;com.google.android.gms.internal.bj$o
play-services;com.google.android.gms.internal.bj$r
play-services;com.google.android.gms.internal.bj$s
play-services;com.google.android.gms.games.OnPlayersLoadedListener
play-services;com.google.android.gms.games.PageDirection
play-services;com.google.android.gms.games.GamesClient
play-services;com.google.android.gms.games.GameEntity$1
play-services;com.google.android.gms.games.Player
play-services;com.google.android.gms.internal.a
play-services;com.google.android.gms.internal.a$a$a
play-services;com.google.android.gms.internal.a$a
