support-v4;android.support.v4.accessibilityservice.AccessibilityServiceInfoCompat$AccessibilityServiceInfoIcsImpl
support-v4;android.support.v4.accessibilityservice.AccessibilityServiceInfoCompat$AccessibilityServiceInfoStubImpl
support-v4;android.support.v4.accessibilityservice.AccessibilityServiceInfoCompat$AccessibilityServiceInfoVersionImpl
support-v4;android.support.v4.accessibilityservice.AccessibilityServiceInfoCompat
support-v4;android.support.v4.app.ActionBarDrawerToggle$1
support-v4;android.support.v4.app.ActionBarDrawerToggle$ActionBarDrawerToggleImpl
support-v4;android.support.v4.app.ActionBarDrawerToggle$ActionBarDrawerToggleImplBase
support-v4;android.support.v4.app.ActionBarDrawerToggle$ActionBarDrawerToggleImplHC
support-v4;android.support.v4.app.ActionBarDrawerToggle$SlideDrawable
support-v4;android.support.v4.app.ActionBarDrawerToggle
support-v4;android.support.v4.app.ActivityCompat
support-v4;android.support.v4.app.ActivityOptionsCompat$ActivityOptionsImplJB
support-v4;android.support.v4.app.ActivityOptionsCompat
support-v4;android.support.v4.app.BackStackRecord$Op
support-v4;android.support.v4.app.BackStackRecord
support-v4;android.support.v4.app.BackStackState$1
support-v4;android.support.v4.app.BackStackState
support-v4;android.support.v4.app.DialogFragment
support-v4;android.support.v4.app.Fragment$1
support-v4;android.support.v4.app.Fragment$InstantiationException
support-v4;android.support.v4.app.Fragment$SavedState$1
support-v4;android.support.v4.app.Fragment$SavedState
support-v4;android.support.v4.app.Fragment
support-v4;android.support.v4.app.FragmentActivity$1
support-v4;android.support.v4.app.FragmentActivity$2
support-v4;android.support.v4.app.FragmentActivity$FragmentTag
support-v4;android.support.v4.app.FragmentActivity$NonConfigurationInstances
support-v4;android.support.v4.app.FragmentActivity
support-v4;android.support.v4.app.FragmentContainer
support-v4;android.support.v4.app.FragmentManager$BackStackEntry
support-v4;android.support.v4.app.FragmentManager$OnBackStackChangedListener
support-v4;android.support.v4.app.FragmentManager
support-v4;android.support.v4.app.FragmentManagerImpl$1
support-v4;android.support.v4.app.FragmentManagerImpl$2
support-v4;android.support.v4.app.FragmentManagerImpl$3
support-v4;android.support.v4.app.FragmentManagerImpl$4
support-v4;android.support.v4.app.FragmentManagerImpl$5
support-v4;android.support.v4.app.FragmentManagerImpl
support-v4;android.support.v4.app.FragmentManagerState$1
support-v4;android.support.v4.app.FragmentManagerState
support-v4;android.support.v4.app.FragmentPagerAdapter
support-v4;android.support.v4.app.FragmentState$1
support-v4;android.support.v4.app.FragmentState
support-v4;android.support.v4.app.FragmentStatePagerAdapter
support-v4;android.support.v4.app.FragmentTabHost$1
support-v4;android.support.v4.app.FragmentTabHost$DummyTabFactory
support-v4;android.support.v4.app.FragmentTabHost$SavedState$1
support-v4;android.support.v4.app.FragmentTabHost$SavedState
support-v4;android.support.v4.app.FragmentTabHost$TabInfo
support-v4;android.support.v4.app.FragmentTabHost
support-v4;android.support.v4.app.FragmentTransaction
support-v4;android.support.v4.app.ListFragment$1
support-v4;android.support.v4.app.ListFragment$2
support-v4;android.support.v4.app.ListFragment
support-v4;android.support.v4.app.LoaderManager$LoaderCallbacks
support-v4;android.support.v4.app.LoaderManager
support-v4;android.support.v4.app.LoaderManagerImpl$LoaderInfo
support-v4;android.support.v4.app.LoaderManagerImpl
support-v4;android.support.v4.app.NavUtils$NavUtilsImpl
support-v4;android.support.v4.app.NavUtils$NavUtilsImplBase
support-v4;android.support.v4.app.NavUtils$NavUtilsImplJB
support-v4;android.support.v4.app.NavUtils
support-v4;android.support.v4.app.NoSaveStateFrameLayout
support-v4;android.support.v4.app.NotificationCompat$Action
support-v4;android.support.v4.app.NotificationCompat$BigPictureStyle
support-v4;android.support.v4.app.NotificationCompat$BigTextStyle
support-v4;android.support.v4.app.NotificationCompat$Builder
support-v4;android.support.v4.app.NotificationCompat$InboxStyle
support-v4;android.support.v4.app.NotificationCompat$NotificationCompatImpl
support-v4;android.support.v4.app.NotificationCompat$NotificationCompatImplBase
support-v4;android.support.v4.app.NotificationCompat$NotificationCompatImplHoneycomb
support-v4;android.support.v4.app.NotificationCompat$NotificationCompatImplIceCreamSandwich
support-v4;android.support.v4.app.NotificationCompat$NotificationCompatImplJellybean
support-v4;android.support.v4.app.NotificationCompat$Style
support-v4;android.support.v4.app.NotificationCompat
support-v4;android.support.v4.app.ServiceCompat
support-v4;android.support.v4.app.ShareCompat$IntentBuilder
support-v4;android.support.v4.app.ShareCompat$IntentReader
support-v4;android.support.v4.app.ShareCompat$ShareCompatImpl
support-v4;android.support.v4.app.ShareCompat$ShareCompatImplBase
support-v4;android.support.v4.app.ShareCompat$ShareCompatImplICS
support-v4;android.support.v4.app.ShareCompat$ShareCompatImplJB
support-v4;android.support.v4.app.ShareCompat
support-v4;android.support.v4.app.SuperNotCalledException
support-v4;android.support.v4.app.TaskStackBuilder$TaskStackBuilderImpl
support-v4;android.support.v4.app.TaskStackBuilder$TaskStackBuilderImplBase
support-v4;android.support.v4.app.TaskStackBuilder$TaskStackBuilderImplHoneycomb
support-v4;android.support.v4.app.TaskStackBuilder$TaskStackBuilderImplJellybean
support-v4;android.support.v4.app.TaskStackBuilder
support-v4;android.support.v4.content.AsyncTaskLoader$LoadTask
support-v4;android.support.v4.content.AsyncTaskLoader
support-v4;android.support.v4.content.ContextCompat
support-v4;android.support.v4.content.CursorLoader
support-v4;android.support.v4.content.FileProvider$PathStrategy
support-v4;android.support.v4.content.FileProvider$SimplePathStrategy
support-v4;android.support.v4.content.FileProvider
support-v4;android.support.v4.content.IntentCompat$IntentCompatImpl
support-v4;android.support.v4.content.IntentCompat$IntentCompatImplBase
support-v4;android.support.v4.content.IntentCompat$IntentCompatImplHC
support-v4;android.support.v4.content.IntentCompat$IntentCompatImplIcsMr1
support-v4;android.support.v4.content.IntentCompat
support-v4;android.support.v4.content.Loader$ForceLoadContentObserver
support-v4;android.support.v4.content.Loader$OnLoadCompleteListener
support-v4;android.support.v4.content.Loader
support-v4;android.support.v4.content.LocalBroadcastManager$1
support-v4;android.support.v4.content.LocalBroadcastManager$BroadcastRecord
support-v4;android.support.v4.content.LocalBroadcastManager$ReceiverRecord
support-v4;android.support.v4.content.LocalBroadcastManager
support-v4;android.support.v4.content.ModernAsyncTask$1
support-v4;android.support.v4.content.ModernAsyncTask$2
support-v4;android.support.v4.content.ModernAsyncTask$3
support-v4;android.support.v4.content.ModernAsyncTask$4
support-v4;android.support.v4.content.ModernAsyncTask$AsyncTaskResult
support-v4;android.support.v4.content.ModernAsyncTask$InternalHandler
support-v4;android.support.v4.content.ModernAsyncTask$Status
support-v4;android.support.v4.content.ModernAsyncTask$WorkerRunnable
support-v4;android.support.v4.content.ModernAsyncTask
support-v4;android.support.v4.content.pm.ActivityInfoCompat
support-v4;android.support.v4.database.DatabaseUtilsCompat
support-v4;android.support.v4.net.ConnectivityManagerCompat$BaseConnectivityManagerCompatImpl
support-v4;android.support.v4.net.ConnectivityManagerCompat$ConnectivityManagerCompatImpl
support-v4;android.support.v4.net.ConnectivityManagerCompat$GingerbreadConnectivityManagerCompatImpl
support-v4;android.support.v4.net.ConnectivityManagerCompat$HoneycombMR2ConnectivityManagerCompatImpl
support-v4;android.support.v4.net.ConnectivityManagerCompat$JellyBeanConnectivityManagerCompatImpl
support-v4;android.support.v4.net.ConnectivityManagerCompat
support-v4;android.support.v4.net.TrafficStatsCompat$1
support-v4;android.support.v4.net.TrafficStatsCompat$BaseTrafficStatsCompatImpl$1
support-v4;android.support.v4.net.TrafficStatsCompat$BaseTrafficStatsCompatImpl$SocketTags
support-v4;android.support.v4.net.TrafficStatsCompat$BaseTrafficStatsCompatImpl
support-v4;android.support.v4.net.TrafficStatsCompat$IcsTrafficStatsCompatImpl
support-v4;android.support.v4.net.TrafficStatsCompat$TrafficStatsCompatImpl
support-v4;android.support.v4.net.TrafficStatsCompat
support-v4;android.support.v4.os.ParcelableCompat$CompatCreator
support-v4;android.support.v4.os.ParcelableCompat
support-v4;android.support.v4.util.AtomicFile
support-v4;android.support.v4.util.DebugUtils
support-v4;android.support.v4.util.LogWriter
support-v4;android.support.v4.util.LongSparseArray
support-v4;android.support.v4.util.LruCache
support-v4;android.support.v4.util.SparseArrayCompat
support-v4;android.support.v4.util.TimeUtils
support-v4;android.support.v4.view.AccessibilityDelegateCompat$AccessibilityDelegateIcsImpl$1
support-v4;android.support.v4.view.AccessibilityDelegateCompat$AccessibilityDelegateIcsImpl
support-v4;android.support.v4.view.AccessibilityDelegateCompat$AccessibilityDelegateImpl
support-v4;android.support.v4.view.AccessibilityDelegateCompat$AccessibilityDelegateJellyBeanImpl$1
support-v4;android.support.v4.view.AccessibilityDelegateCompat$AccessibilityDelegateJellyBeanImpl
support-v4;android.support.v4.view.AccessibilityDelegateCompat$AccessibilityDelegateStubImpl
support-v4;android.support.v4.view.AccessibilityDelegateCompat
support-v4;android.support.v4.view.GestureDetectorCompat$GestureDetectorCompatImpl
support-v4;android.support.v4.view.GestureDetectorCompat$GestureDetectorCompatImplBase$GestureHandler
support-v4;android.support.v4.view.GestureDetectorCompat$GestureDetectorCompatImplBase
support-v4;android.support.v4.view.GestureDetectorCompat$GestureDetectorCompatImplJellybeanMr2
support-v4;android.support.v4.view.GestureDetectorCompat
support-v4;android.support.v4.view.GravityCompat$GravityCompatImpl
support-v4;android.support.v4.view.GravityCompat$GravityCompatImplBase
support-v4;android.support.v4.view.GravityCompat$GravityCompatImplJellybeanMr1
support-v4;android.support.v4.view.GravityCompat
support-v4;android.support.v4.view.KeyEventCompat$BaseKeyEventVersionImpl
support-v4;android.support.v4.view.KeyEventCompat$EclairKeyEventVersionImpl
support-v4;android.support.v4.view.KeyEventCompat$HoneycombKeyEventVersionImpl
support-v4;android.support.v4.view.KeyEventCompat$KeyEventVersionImpl
support-v4;android.support.v4.view.KeyEventCompat
support-v4;android.support.v4.view.MenuCompat$BaseMenuVersionImpl
support-v4;android.support.v4.view.MenuCompat$HoneycombMenuVersionImpl
support-v4;android.support.v4.view.MenuCompat$MenuVersionImpl
support-v4;android.support.v4.view.MenuCompat
support-v4;android.support.v4.view.MenuItemCompat$BaseMenuVersionImpl
support-v4;android.support.v4.view.MenuItemCompat$HoneycombMenuVersionImpl
support-v4;android.support.v4.view.MenuItemCompat$MenuVersionImpl
support-v4;android.support.v4.view.MenuItemCompat
support-v4;android.support.v4.view.MotionEventCompat$BaseMotionEventVersionImpl
support-v4;android.support.v4.view.MotionEventCompat$EclairMotionEventVersionImpl
support-v4;android.support.v4.view.MotionEventCompat$MotionEventVersionImpl
support-v4;android.support.v4.view.MotionEventCompat
support-v4;android.support.v4.view.PagerAdapter
support-v4;android.support.v4.view.PagerTabStrip$1
support-v4;android.support.v4.view.PagerTabStrip$2
support-v4;android.support.v4.view.PagerTabStrip
support-v4;android.support.v4.view.PagerTitleStrip$1
support-v4;android.support.v4.view.PagerTitleStrip$PageListener
support-v4;android.support.v4.view.PagerTitleStrip$PagerTitleStripImpl
support-v4;android.support.v4.view.PagerTitleStrip$PagerTitleStripImplBase
support-v4;android.support.v4.view.PagerTitleStrip$PagerTitleStripImplIcs
support-v4;android.support.v4.view.PagerTitleStrip
support-v4;android.support.v4.view.VelocityTrackerCompat$BaseVelocityTrackerVersionImpl
support-v4;android.support.v4.view.VelocityTrackerCompat$HoneycombVelocityTrackerVersionImpl
support-v4;android.support.v4.view.VelocityTrackerCompat$VelocityTrackerVersionImpl
support-v4;android.support.v4.view.VelocityTrackerCompat
support-v4;android.support.v4.view.ViewCompat$BaseViewCompatImpl
support-v4;android.support.v4.view.ViewCompat$GBViewCompatImpl
support-v4;android.support.v4.view.ViewCompat$HCViewCompatImpl
support-v4;android.support.v4.view.ViewCompat$ICSViewCompatImpl
support-v4;android.support.v4.view.ViewCompat$JBViewCompatImpl
support-v4;android.support.v4.view.ViewCompat$JbMr1ViewCompatImpl
support-v4;android.support.v4.view.ViewCompat$ViewCompatImpl
support-v4;android.support.v4.view.ViewCompat
support-v4;android.support.v4.view.ViewConfigurationCompat$BaseViewConfigurationVersionImpl
support-v4;android.support.v4.view.ViewConfigurationCompat$FroyoViewConfigurationVersionImpl
support-v4;android.support.v4.view.ViewConfigurationCompat$ViewConfigurationVersionImpl
support-v4;android.support.v4.view.ViewConfigurationCompat
support-v4;android.support.v4.view.ViewGroupCompat$ViewGroupCompatHCImpl
support-v4;android.support.v4.view.ViewGroupCompat$ViewGroupCompatIcsImpl
support-v4;android.support.v4.view.ViewGroupCompat$ViewGroupCompatImpl
support-v4;android.support.v4.view.ViewGroupCompat$ViewGroupCompatStubImpl
support-v4;android.support.v4.view.ViewGroupCompat
support-v4;android.support.v4.view.ViewPager$1
support-v4;android.support.v4.view.ViewPager$2
support-v4;android.support.v4.view.ViewPager$3
support-v4;android.support.v4.view.ViewPager$Decor
support-v4;android.support.v4.view.ViewPager$ItemInfo
support-v4;android.support.v4.view.ViewPager$LayoutParams
support-v4;android.support.v4.view.ViewPager$MyAccessibilityDelegate
support-v4;android.support.v4.view.ViewPager$OnAdapterChangeListener
support-v4;android.support.v4.view.ViewPager$OnPageChangeListener
support-v4;android.support.v4.view.ViewPager$PageTransformer
support-v4;android.support.v4.view.ViewPager$PagerObserver
support-v4;android.support.v4.view.ViewPager$SavedState$1
support-v4;android.support.v4.view.ViewPager$SavedState
support-v4;android.support.v4.view.ViewPager$SimpleOnPageChangeListener
support-v4;android.support.v4.view.ViewPager$ViewPositionComparator
support-v4;android.support.v4.view.ViewPager
support-v4;android.support.v4.view.accessibility.AccessibilityEventCompat$AccessibilityEventIcsImpl
support-v4;android.support.v4.view.accessibility.AccessibilityEventCompat$AccessibilityEventStubImpl
support-v4;android.support.v4.view.accessibility.AccessibilityEventCompat$AccessibilityEventVersionImpl
support-v4;android.support.v4.view.accessibility.AccessibilityEventCompat
support-v4;android.support.v4.view.accessibility.AccessibilityManagerCompat$AccessibilityManagerIcsImpl$1
support-v4;android.support.v4.view.accessibility.AccessibilityManagerCompat$AccessibilityManagerIcsImpl
support-v4;android.support.v4.view.accessibility.AccessibilityManagerCompat$AccessibilityManagerStubImpl
support-v4;android.support.v4.view.accessibility.AccessibilityManagerCompat$AccessibilityManagerVersionImpl
support-v4;android.support.v4.view.accessibility.AccessibilityManagerCompat$AccessibilityStateChangeListenerCompat
support-v4;android.support.v4.view.accessibility.AccessibilityManagerCompat
support-v4;android.support.v4.view.accessibility.AccessibilityNodeInfoCompat$AccessibilityNodeInfoIcsImpl
support-v4;android.support.v4.view.accessibility.AccessibilityNodeInfoCompat$AccessibilityNodeInfoImpl
support-v4;android.support.v4.view.accessibility.AccessibilityNodeInfoCompat$AccessibilityNodeInfoJellybeanImpl
support-v4;android.support.v4.view.accessibility.AccessibilityNodeInfoCompat$AccessibilityNodeInfoStubImpl
support-v4;android.support.v4.view.accessibility.AccessibilityNodeInfoCompat
support-v4;android.support.v4.view.accessibility.AccessibilityNodeProviderCompat$AccessibilityNodeProviderImpl
support-v4;android.support.v4.view.accessibility.AccessibilityNodeProviderCompat$AccessibilityNodeProviderJellyBeanImpl$1
support-v4;android.support.v4.view.accessibility.AccessibilityNodeProviderCompat$AccessibilityNodeProviderJellyBeanImpl
support-v4;android.support.v4.view.accessibility.AccessibilityNodeProviderCompat$AccessibilityNodeProviderStubImpl
support-v4;android.support.v4.view.accessibility.AccessibilityNodeProviderCompat
support-v4;android.support.v4.view.accessibility.AccessibilityRecordCompat$AccessibilityRecordIcsImpl
support-v4;android.support.v4.view.accessibility.AccessibilityRecordCompat$AccessibilityRecordIcsMr1Impl
support-v4;android.support.v4.view.accessibility.AccessibilityRecordCompat$AccessibilityRecordImpl
support-v4;android.support.v4.view.accessibility.AccessibilityRecordCompat$AccessibilityRecordJellyBeanImpl
support-v4;android.support.v4.view.accessibility.AccessibilityRecordCompat$AccessibilityRecordStubImpl
support-v4;android.support.v4.view.accessibility.AccessibilityRecordCompat
support-v4;android.support.v4.widget.CursorAdapter$1
support-v4;android.support.v4.widget.CursorAdapter$ChangeObserver
support-v4;android.support.v4.widget.CursorAdapter$MyDataSetObserver
support-v4;android.support.v4.widget.CursorAdapter
support-v4;android.support.v4.widget.CursorFilter$CursorFilterClient
support-v4;android.support.v4.widget.CursorFilter
support-v4;android.support.v4.widget.DrawerLayout$AccessibilityDelegate
support-v4;android.support.v4.widget.DrawerLayout$DrawerListener
support-v4;android.support.v4.widget.DrawerLayout$LayoutParams
support-v4;android.support.v4.widget.DrawerLayout$SavedState$1
support-v4;android.support.v4.widget.DrawerLayout$SavedState
support-v4;android.support.v4.widget.DrawerLayout$SimpleDrawerListener
support-v4;android.support.v4.widget.DrawerLayout$ViewDragCallback$1
support-v4;android.support.v4.widget.DrawerLayout$ViewDragCallback
support-v4;android.support.v4.widget.DrawerLayout
support-v4;android.support.v4.widget.EdgeEffectCompat$BaseEdgeEffectImpl
support-v4;android.support.v4.widget.EdgeEffectCompat$EdgeEffectIcsImpl
support-v4;android.support.v4.widget.EdgeEffectCompat$EdgeEffectImpl
support-v4;android.support.v4.widget.EdgeEffectCompat
support-v4;android.support.v4.widget.ResourceCursorAdapter
support-v4;android.support.v4.widget.ScrollerCompat$ScrollerCompatImpl
support-v4;android.support.v4.widget.ScrollerCompat$ScrollerCompatImplBase
support-v4;android.support.v4.widget.ScrollerCompat$ScrollerCompatImplGingerbread
support-v4;android.support.v4.widget.ScrollerCompat$ScrollerCompatImplIcs
support-v4;android.support.v4.widget.ScrollerCompat
support-v4;android.support.v4.widget.SearchViewCompat$OnCloseListenerCompat
support-v4;android.support.v4.widget.SearchViewCompat$OnQueryTextListenerCompat
support-v4;android.support.v4.widget.SearchViewCompat$SearchViewCompatHoneycombImpl$1
support-v4;android.support.v4.widget.SearchViewCompat$SearchViewCompatHoneycombImpl$2
support-v4;android.support.v4.widget.SearchViewCompat$SearchViewCompatHoneycombImpl
support-v4;android.support.v4.widget.SearchViewCompat$SearchViewCompatIcsImpl
support-v4;android.support.v4.widget.SearchViewCompat$SearchViewCompatImpl
support-v4;android.support.v4.widget.SearchViewCompat$SearchViewCompatStubImpl
support-v4;android.support.v4.widget.SearchViewCompat
support-v4;android.support.v4.widget.SimpleCursorAdapter$CursorToStringConverter
support-v4;android.support.v4.widget.SimpleCursorAdapter$ViewBinder
support-v4;android.support.v4.widget.SimpleCursorAdapter
support-v4;android.support.v4.widget.SlidingPaneLayout$1
support-v4;android.support.v4.widget.SlidingPaneLayout$AccessibilityDelegate
support-v4;android.support.v4.widget.SlidingPaneLayout$DisableLayerRunnable
support-v4;android.support.v4.widget.SlidingPaneLayout$DragHelperCallback
support-v4;android.support.v4.widget.SlidingPaneLayout$LayoutParams
support-v4;android.support.v4.widget.SlidingPaneLayout$PanelSlideListener
support-v4;android.support.v4.widget.SlidingPaneLayout$SavedState$1
support-v4;android.support.v4.widget.SlidingPaneLayout$SavedState
support-v4;android.support.v4.widget.SlidingPaneLayout$SimplePanelSlideListener
support-v4;android.support.v4.widget.SlidingPaneLayout$SlidingPanelLayoutImpl
support-v4;android.support.v4.widget.SlidingPaneLayout$SlidingPanelLayoutImplBase
support-v4;android.support.v4.widget.SlidingPaneLayout$SlidingPanelLayoutImplJB
support-v4;android.support.v4.widget.SlidingPaneLayout$SlidingPanelLayoutImplJBMR1
support-v4;android.support.v4.widget.SlidingPaneLayout
support-v4;android.support.v4.widget.ViewDragHelper$1
support-v4;android.support.v4.widget.ViewDragHelper$2
support-v4;android.support.v4.widget.ViewDragHelper$Callback
support-v4;android.support.v4.widget.ViewDragHelper
support-v4;android.support.v4.view.KeyEventCompatEclair
support-v4;android.support.v4.view.MotionEventCompatEclair
support-v4;android.support.v4.view.ViewConfigurationCompatFroyo
support-v4;android.support.v4.net.ConnectivityManagerCompatGingerbread
support-v4;android.support.v4.view.ViewCompatGingerbread
support-v4;android.support.v4.widget.ScrollerCompatGingerbread
support-v4;android.support.v4.app.ActionBarDrawerToggleHoneycomb$SetIndicatorInfo
support-v4;android.support.v4.app.ActionBarDrawerToggleHoneycomb
support-v4;android.support.v4.app.ActivityCompatHoneycomb
support-v4;android.support.v4.app.NotificationCompatHoneycomb
support-v4;android.support.v4.app.TaskStackBuilderHoneycomb
support-v4;android.support.v4.content.ContextCompatHoneycomb
support-v4;android.support.v4.content.IntentCompatHoneycomb
support-v4;android.support.v4.view.KeyEventCompatHoneycomb
support-v4;android.support.v4.view.MenuItemCompatHoneycomb
support-v4;android.support.v4.view.VelocityTrackerCompatHoneycomb
support-v4;android.support.v4.view.ViewCompatHC
support-v4;android.support.v4.view.ViewGroupCompatHC
support-v4;android.support.v4.widget.SearchViewCompatHoneycomb$1
support-v4;android.support.v4.widget.SearchViewCompatHoneycomb$2
support-v4;android.support.v4.widget.SearchViewCompatHoneycomb$OnCloseListenerCompatBridge
support-v4;android.support.v4.widget.SearchViewCompatHoneycomb$OnQueryTextListenerCompatBridge
support-v4;android.support.v4.widget.SearchViewCompatHoneycomb
support-v4;android.support.v4.net.ConnectivityManagerCompatHoneycombMR2
support-v4;android.support.v4.os.ParcelableCompatCreatorCallbacks
support-v4;android.support.v4.os.ParcelableCompatCreatorHoneycombMR2
support-v4;android.support.v4.os.ParcelableCompatCreatorHoneycombMR2Stub
support-v4;android.support.v4.accessibilityservice.AccessibilityServiceInfoCompatIcs
support-v4;android.support.v4.app.NotificationCompatIceCreamSandwich
support-v4;android.support.v4.app.ShareCompatICS
support-v4;android.support.v4.net.TrafficStatsCompatIcs
support-v4;android.support.v4.view.AccessibilityDelegateCompatIcs$1
support-v4;android.support.v4.view.AccessibilityDelegateCompatIcs$AccessibilityDelegateBridge
support-v4;android.support.v4.view.AccessibilityDelegateCompatIcs
support-v4;android.support.v4.view.PagerTitleStripIcs$SingleLineAllCapsTransform
support-v4;android.support.v4.view.PagerTitleStripIcs
support-v4;android.support.v4.view.ViewCompatICS
support-v4;android.support.v4.view.ViewGroupCompatIcs
support-v4;android.support.v4.view.accessibility.AccessibilityEventCompatIcs
support-v4;android.support.v4.view.accessibility.AccessibilityManagerCompatIcs$1
support-v4;android.support.v4.view.accessibility.AccessibilityManagerCompatIcs$AccessibilityStateChangeListenerBridge
support-v4;android.support.v4.view.accessibility.AccessibilityManagerCompatIcs
support-v4;android.support.v4.view.accessibility.AccessibilityNodeInfoCompatIcs
support-v4;android.support.v4.view.accessibility.AccessibilityRecordCompatIcs
support-v4;android.support.v4.widget.EdgeEffectCompatIcs
support-v4;android.support.v4.widget.ScrollerCompatIcs
support-v4;android.support.v4.widget.SearchViewCompatIcs$MySearchView
support-v4;android.support.v4.widget.SearchViewCompatIcs
support-v4;android.support.v4.content.IntentCompatIcsMr1
support-v4;android.support.v4.view.accessibility.AccessibilityRecordCompatIcsMr1
support-v4;android.support.v4.app.ActivityCompatJB
support-v4;android.support.v4.app.ActivityOptionsCompatJB
support-v4;android.support.v4.app.NavUtilsJB
support-v4;android.support.v4.app.NotificationCompatJellybean
support-v4;android.support.v4.app.ShareCompatJB
support-v4;android.support.v4.app.TaskStackBuilderJellybean
support-v4;android.support.v4.content.ContextCompatJellybean
support-v4;android.support.v4.net.ConnectivityManagerCompatJellyBean
support-v4;android.support.v4.view.AccessibilityDelegateCompatJellyBean$1
support-v4;android.support.v4.view.AccessibilityDelegateCompatJellyBean$AccessibilityDelegateBridgeJellyBean
support-v4;android.support.v4.view.AccessibilityDelegateCompatJellyBean
support-v4;android.support.v4.view.ViewCompatJB
support-v4;android.support.v4.view.accessibility.AccessibilityNodeInfoCompatJellyBean
support-v4;android.support.v4.view.accessibility.AccessibilityNodeProviderCompatJellyBean$1
support-v4;android.support.v4.view.accessibility.AccessibilityNodeProviderCompatJellyBean$AccessibilityNodeInfoBridge
support-v4;android.support.v4.view.accessibility.AccessibilityNodeProviderCompatJellyBean
support-v4;android.support.v4.view.accessibility.AccessibilityRecordCompatJellyBean
support-v4;android.support.v4.view.GravityCompatJellybeanMr1
support-v4;android.support.v4.view.ViewCompatJellybeanMr1
support-v13;android.support.v13.app.FragmentCompat$BaseFragmentCompatImpl
support-v13;android.support.v13.app.FragmentCompat$FragmentCompatImpl
support-v13;android.support.v13.app.FragmentCompat$ICSFragmentCompatImpl
support-v13;android.support.v13.app.FragmentCompat$ICSMR1FragmentCompatImpl
support-v13;android.support.v13.app.FragmentCompat
support-v13;android.support.v13.app.FragmentPagerAdapter
support-v13;android.support.v13.app.FragmentStatePagerAdapter
support-v13;android.support.v13.app.FragmentTabHost$1
support-v13;android.support.v13.app.FragmentTabHost$DummyTabFactory
support-v13;android.support.v13.app.FragmentTabHost$SavedState$1
support-v13;android.support.v13.app.FragmentTabHost$SavedState
support-v13;android.support.v13.app.FragmentTabHost$TabInfo
support-v13;android.support.v13.app.FragmentTabHost
support-v13;android.support.v13.app.FragmentCompatICS
support-v13;android.support.v13.app.FragmentCompatICSMR1
gridlayout-v7;android.support.v7.widget.GridLayout$1
gridlayout-v7;android.support.v7.widget.GridLayout$2
gridlayout-v7;android.support.v7.widget.GridLayout$3
gridlayout-v7;android.support.v7.widget.GridLayout$4
gridlayout-v7;android.support.v7.widget.GridLayout$5
gridlayout-v7;android.support.v7.widget.GridLayout$6$1
gridlayout-v7;android.support.v7.widget.GridLayout$6
gridlayout-v7;android.support.v7.widget.GridLayout$7
gridlayout-v7;android.support.v7.widget.GridLayout$Alignment
gridlayout-v7;android.support.v7.widget.GridLayout$Arc
gridlayout-v7;android.support.v7.widget.GridLayout$Assoc
gridlayout-v7;android.support.v7.widget.GridLayout$Axis$1
gridlayout-v7;android.support.v7.widget.GridLayout$Axis
gridlayout-v7;android.support.v7.widget.GridLayout$Bounds
gridlayout-v7;android.support.v7.widget.GridLayout$Interval
gridlayout-v7;android.support.v7.widget.GridLayout$LayoutParams
gridlayout-v7;android.support.v7.widget.GridLayout$MutableInt
gridlayout-v7;android.support.v7.widget.GridLayout$PackedMap
gridlayout-v7;android.support.v7.widget.GridLayout$Spec
gridlayout-v7;android.support.v7.widget.GridLayout
gridlayout-v7;android.support.v7.widget.Space
gridlayout-v7;android.support.v7.widget.ViewGroup
